"0.10000";"-0.11851"
"0.09800";"-0.25526"
"0.09600";"-0.35276"
"0.09400";"-0.44540"
"0.09200";"-0.52987"
"0.09000";"-0.63350"
"0.08800";"-0.72354"
"0.08600";"-0.80446"
"0.08400";"-0.88083"
"0.08200";"-0.94854"
"0.08000";"-1.00792"
"0.07800";"-1.06200"
"0.07600";"-1.11067"
"0.07400";"-1.15692"
"0.07200";"-1.19821"
"0.07000";"-1.23408"
"0.06800";"-1.26550"
"0.06600";"-1.29379"
"0.06400";"-1.32104"
"0.06200";"-1.34492"
"0.06000";"-1.36379"
"0.05800";"-1.38033"
"0.05600";"-1.39475"
"0.05400";"-1.40879"
"0.05200";"-1.42017"
"0.05000";"-1.42817"
"0.04800";"-1.43446"
"0.04600";"-1.43871"
"0.04400";"-1.44308"
"0.04200";"-1.44517"
"0.04000";"-1.44567"
"0.03800";"-1.44471"
"0.03600";"-1.44308"
"0.03400";"-1.44100"
"0.03200";"-1.43758"
"0.03000";"-1.43300"
"0.02800";"-1.42808"
"0.02600";"-1.42246"
"0.02400";"-1.41725"
"0.02200";"-1.41058"
"0.02000";"-1.40292"
"0.01800";"-1.39463"
"0.01600";"-1.38579"
"0.01400";"-1.37779"
"0.01200";"-1.36921"
"0.01000";"-1.35975"
"0.00800";"-1.35058"
"0.00600";"-1.34096"
"0.00400";"-1.33254"
"0.00200";"-1.32300"
"0.00000";"-1.31358"
"-0.00200";"-1.30375"
"-0.00400";"-1.29442"
"-0.00600";"-1.28496"
"-0.00800";"-1.27475"
"-0.01000";"-1.26442"
"-0.01200";"-1.25429"
"-0.01400";"-1.24538"
"-0.01600";"-1.23608"
"-0.01800";"-1.22633"
"-0.02000";"-1.21646"
"-0.02200";"-1.20700"
"-0.02400";"-1.19804"
"-0.02600";"-1.18908"
"-0.02800";"-1.17933"
"-0.03000";"-1.16996"
"-0.03200";"-1.16037"
"-0.03400";"-1.15175"
"-0.03600";"-1.14346"
"-0.03800";"-1.13483"
"-0.04000";"-1.12650"
"-0.04200";"-1.11733"
"-0.04400";"-1.10938"
"-0.04600";"-1.10137"
"-0.04800";"-1.09317"
"-0.05000";"-1.08512"
"-0.05200";"-1.07717"
"-0.05400";"-1.07004"
"-0.05600";"-1.06267"
"-0.05800";"-1.05463"
"-0.06000";"-1.04696"
"-0.06200";"-1.03937"
"-0.06400";"-1.03271"
"-0.06600";"-1.02600"
"-0.06800";"-1.01892"
"-0.07000";"-1.01200"
"-0.07200";"-1.00550"
"-0.07400";"-0.99925"
"-0.07600";"-0.99329"
"-0.07800";"-0.98638"
"-0.08000";"-0.98029"
"-0.08200";"-0.97354"
"-0.08400";"-0.96796"
"-0.08600";"-0.96158"
"-0.08800";"-0.95537"
"-0.09000";"-0.94929"
"-0.09200";"-0.94388"
"-0.09400";"-0.93888"
"-0.09600";"-0.93342"
"-0.09800";"-0.92763"
"-0.10000";"-0.92221"
"-0.10200";"-0.91733"
"-0.10400";"-0.91346"
"-0.10600";"-0.91021"
"-0.10800";"-0.90692"
"-0.11000";"-0.90446"
"-0.11200";"-0.90213"
"-0.11400";"-0.90058"
"-0.11600";"-0.89867"
"-0.11800";"-0.89808"
"-0.12000";"-0.89996"
"-0.12200";"-0.90350"
"-0.12400";"-0.90858"
"-0.12600";"-0.91221"
"-0.12800";"-0.91746"
"-0.13000";"-0.92225"
"-0.13200";"-0.92750"
"-0.13400";"-0.93279"
"-0.13600";"-0.93925"
"-0.13800";"-0.94500"
"-0.14000";"-0.94821"
"-0.14200";"-0.94963"
"-0.14400";"-0.96129"
"-0.14600";"-0.97708"
"-0.14800";"-0.99487"
"-0.15000";"-1.00496"
"-0.15200";"-1.00550"
"-0.15400";"-0.99338"
"-0.15600";"-0.95250"
"-0.15800";"-0.89208"
"-0.16000";"-0.83892"
"-0.16200";"-0.81212"
"-0.16400";"-0.81487"
"-0.16600";"-0.82067"
"-0.16800";"-0.82375"
"-0.17000";"-0.82838"
"-0.17200";"-0.83888"
"-0.17400";"-0.84829"
"-0.17600";"-0.83587"
"-0.17800";"-0.81238"
"-0.18000";"-0.79179"
"-0.18200";"-0.78629"
"-0.18400";"-0.78446"
"-0.18600";"-0.78179"
"-0.18800";"-0.77912"
"-0.19000";"-0.77679"
"-0.19200";"-0.77500"
"-0.19400";"-0.77296"
"-0.19600";"-0.77021"
"-0.19800";"-0.76763"
"-0.20000";"-0.76487"
"-0.20200";"-0.76304"
"-0.20400";"-0.76079"
"-0.20600";"-0.75758"
"-0.20800";"-0.75454"
"-0.21000";"-0.75179"
"-0.21200";"-0.75021"
"-0.21400";"-0.74758"
"-0.21600";"-0.74408"
"-0.21800";"-0.74008"
"-0.22000";"-0.73458"
"-0.22200";"-0.72592"
"-0.22400";"-0.71471"
"-0.22600";"-0.70450"
"-0.22800";"-0.69863"
"-0.23000";"-0.69592"
"-0.23200";"-0.69375"
"-0.23400";"-0.69267"
"-0.23600";"-0.69017"
"-0.23800";"-0.68833"
"-0.24000";"-0.68500"
"-0.24200";"-0.68337"
"-0.24400";"-0.68125"
"-0.24600";"-0.67921"
"-0.24800";"-0.67683"
"-0.25000";"-0.68421"
"-0.25200";"-0.72492"
"-0.25400";"-0.72404"
"-0.25600";"-0.71354"
"-0.25800";"-0.66975"
"-0.26000";"-0.66767"
"-0.26200";"-0.66583"
"-0.26400";"-0.66400"
"-0.26600";"-0.66237"
"-0.26800";"-0.66067"
"-0.27000";"-0.65954"
"-0.27200";"-0.65792"
"-0.27400";"-0.65688"
"-0.27600";"-0.65533"
"-0.27800";"-0.65429"
"-0.28000";"-0.65300"
"-0.28200";"-0.65208"
"-0.28400";"-0.65067"
"-0.28600";"-0.64938"
"-0.28800";"-0.64812"
"-0.29000";"-0.64746"
"-0.29200";"-0.64679"
"-0.29400";"-0.67200"
"-0.29600";"-0.67496"
"-0.29800";"-0.67412"
"-0.30000";"-0.64754"
"-0.30200";"-0.64321"
"-0.30400";"-0.64242"
"-0.30600";"-0.64146"
"-0.30800";"-0.64046"
"-0.31000";"-0.63983"
"-0.31200";"-0.63979"
"-0.31400";"-0.63917"
"-0.31600";"-0.63858"
"-0.31800";"-0.63771"
"-0.32000";"-0.63737"
"-0.32200";"-0.63737"
"-0.32400";"-0.63729"
"-0.32600";"-0.63758"
"-0.32800";"-0.63729"
"-0.33000";"-0.63717"
"-0.33200";"-0.63712"
"-0.33400";"-0.63750"
"-0.33600";"-0.63771"
"-0.33800";"-0.63813"
"-0.34000";"-0.63829"
"-0.34200";"-0.63858"
"-0.34400";"-0.63808"
"-0.34600";"-0.64000"
"-0.34800";"-0.64058"
"-0.35000";"-0.64158"
"-0.35200";"-0.64096"
"-0.35400";"-0.64104"
"-0.35600";"-0.64183"
"-0.35800";"-0.64221"
"-0.36000";"-0.64371"
"-0.36200";"-0.64429"
"-0.36400";"-0.64513"
"-0.36600";"-0.66758"
"-0.36800";"-0.66992"
"-0.37000";"-0.67175"
"-0.37200";"-0.65204"
"-0.37400";"-0.65225"
"-0.37600";"-0.65350"
"-0.37800";"-0.65467"
"-0.38000";"-0.65700"
"-0.38200";"-0.65846"
"-0.38400";"-0.66042"
"-0.38600";"-0.66192"
"-0.38800";"-0.66458"
"-0.39000";"-0.66671"
"-0.39200";"-0.66900"
"-0.39400";"-0.67083"
"-0.39600";"-0.67338"
"-0.39800";"-0.67629"
"-0.40000";"-0.67921"
"-0.40200";"-0.68192"
"-0.40400";"-0.68496"
"-0.40600";"-0.68825"
"-0.40800";"-0.69208"
"-0.41000";"-0.69592"
"-0.41200";"-0.69925"
"-0.41400";"-0.70267"
"-0.41600";"-0.70671"
"-0.41800";"-0.71154"
"-0.42000";"-0.71650"
"-0.42200";"-0.72054"
"-0.42400";"-0.72537"
"-0.42600";"-0.73025"
"-0.42800";"-0.73908"
"-0.43000";"-0.74483"
"-0.43200";"-0.75075"
"-0.43400";"-0.75413"
"-0.43600";"-0.76075"
"-0.43800";"-0.76779"
"-0.44000";"-0.77521"
"-0.44200";"-0.78242"
"-0.44400";"-0.79033"
"-0.44600";"-0.79837"
"-0.44800";"-0.80729"
"-0.45000";"-0.81646"
"-0.45200";"-0.82600"
"-0.45400";"-0.83617"
"-0.45600";"-0.84696"
"-0.45800";"-0.85871"
"-0.46000";"-0.87142"
"-0.46200";"-0.88358"
"-0.46400";"-0.89642"
"-0.46600";"-0.90896"
"-0.46800";"-0.92325"
"-0.47000";"-0.93754"
"-0.47200";"-0.95217"
"-0.47400";"-0.96804"
"-0.47600";"-0.98537"
"-0.47800";"-1.00508"
"-0.48000";"-1.02542"
"-0.48200";"-1.04583"
"-0.48400";"-1.06579"
"-0.48600";"-1.08533"
"-0.48800";"-1.10533"
"-0.49000";"-1.12617"
"-0.49200";"-1.14642"
"-0.49400";"-1.16708"
"-0.49600";"-1.18750"
"-0.49800";"-1.20904"
"-0.50000";"-1.23125"
"-0.50200";"-1.25317"
"-0.50400";"-1.27588"
"-0.50600";"-1.29796"
"-0.50800";"-1.32146"
"-0.51000";"-1.34450"
"-0.51200";"-1.37167"
"-0.51400";"-1.39575"
"-0.51600";"-1.42100"
"-0.51800";"-1.44392"
"-0.52000";"-1.46917"
"-0.52200";"-1.49492"
"-0.52400";"-1.52004"
"-0.52600";"-1.54704"
"-0.52800";"-1.57392"
"-0.53000";"-1.60100"
"-0.53200";"-1.62838"
"-0.53400";"-1.65625"
"-0.53600";"-1.68508"
"-0.53800";"-1.71413"
"-0.54000";"-1.74258"
"-0.54200";"-1.77196"
"-0.54400";"-1.80133"
"-0.54600";"-1.83242"
"-0.54800";"-1.86346"
"-0.55000";"-1.89392"
"-0.55200";"-1.92467"
"-0.55400";"-1.95625"
"-0.55600";"-1.98979"
"-0.55800";"-2.02346"
"-0.56000";"-2.05633"
"-0.56200";"-2.08988"
"-0.56400";"-2.12429"
"-0.56600";"-2.16025"
"-0.56800";"-2.19542"
"-0.57000";"-2.23029"
"-0.57200";"-2.26575"
"-0.57400";"-2.30321"
"-0.57600";"-2.34213"
"-0.57800";"-2.38154"
"-0.58000";"-2.41967"
"-0.58200";"-2.45800"
"-0.58400";"-2.49700"
"-0.58600";"-2.53825"
"-0.58800";"-2.57996"
"-0.59000";"-2.62129"
"-0.59200";"-2.66337"
"-0.59400";"-2.70708"
"-0.59600";"-2.75221"
"-0.59800";"-2.79854"
"-0.60000";"-2.84562"
"-0.59800";"-2.76967"
"-0.59600";"-2.70229"
"-0.59400";"-2.64625"
"-0.59200";"-2.59533"
"-0.59000";"-2.54737"
"-0.58800";"-2.50171"
"-0.58600";"-2.45642"
"-0.58400";"-2.41338"
"-0.58200";"-2.37200"
"-0.58000";"-2.33179"
"-0.57800";"-2.29354"
"-0.57600";"-2.25567"
"-0.57400";"-2.21929"
"-0.57200";"-2.18450"
"-0.57000";"-2.15038"
"-0.56800";"-2.11704"
"-0.56600";"-2.08312"
"-0.56400";"-2.04979"
"-0.56200";"-2.01817"
"-0.56000";"-1.98742"
"-0.55800";"-1.95808"
"-0.55600";"-1.92725"
"-0.55400";"-1.89754"
"-0.55200";"-1.86892"
"-0.55000";"-1.84188"
"-0.54800";"-1.81496"
"-0.54600";"-1.78729"
"-0.54400";"-1.76042"
"-0.54200";"-1.73458"
"-0.54000";"-1.70913"
"-0.53800";"-1.68388"
"-0.53600";"-1.65792"
"-0.53400";"-1.63296"
"-0.53200";"-1.60850"
"-0.53000";"-1.58467"
"-0.52800";"-1.56042"
"-0.52600";"-1.53625"
"-0.52400";"-1.51188"
"-0.52200";"-1.48933"
"-0.52000";"-1.46596"
"-0.51800";"-1.44396"
"-0.51600";"-1.42092"
"-0.51400";"-1.39900"
"-0.51200";"-1.37775"
"-0.51000";"-1.35642"
"-0.50800";"-1.33488"
"-0.50600";"-1.31254"
"-0.50400";"-1.29188"
"-0.50200";"-1.27117"
"-0.50000";"-1.25063"
"-0.49800";"-1.22950"
"-0.49600";"-1.20850"
"-0.49400";"-1.18875"
"-0.49200";"-1.16892"
"-0.49000";"-1.14996"
"-0.48800";"-1.13000"
"-0.48600";"-1.11088"
"-0.48400";"-1.09229"
"-0.48200";"-1.07354"
"-0.48000";"-1.05442"
"-0.47800";"-1.03554"
"-0.47600";"-1.01733"
"-0.47400";"-1.00013"
"-0.47200";"-0.98279"
"-0.47000";"-0.96562"
"-0.46800";"-0.94775"
"-0.46600";"-0.93004"
"-0.46400";"-0.91383"
"-0.46200";"-0.89788"
"-0.46000";"-0.88175"
"-0.45800";"-0.86504"
"-0.45600";"-0.84833"
"-0.45400";"-0.83350"
"-0.45200";"-0.81817"
"-0.45000";"-0.80371"
"-0.44800";"-0.78825"
"-0.44600";"-0.77375"
"-0.44400";"-0.76012"
"-0.44200";"-0.74654"
"-0.44000";"-0.73404"
"-0.43800";"-0.71983"
"-0.43600";"-0.70613"
"-0.43400";"-0.69250"
"-0.43200";"-0.68033"
"-0.43000";"-0.66846"
"-0.42800";"-0.65588"
"-0.42600";"-0.64371"
"-0.42400";"-0.63246"
"-0.42200";"-0.62146"
"-0.42000";"-0.61079"
"-0.41800";"-0.59967"
"-0.41600";"-0.58871"
"-0.41400";"-0.57829"
"-0.41200";"-0.56842"
"-0.41000";"-0.55921"
"-0.40800";"-0.54946"
"-0.40600";"-0.53983"
"-0.40400";"-0.53079"
"-0.40200";"-0.52200"
"-0.40000";"-0.51388"
"-0.39800";"-0.50558"
"-0.39600";"-0.49733"
"-0.39400";"-0.48962"
"-0.39200";"-0.48188"
"-0.39000";"-0.47475"
"-0.38800";"-0.46725"
"-0.38600";"-0.46008"
"-0.38400";"-0.45379"
"-0.38200";"-0.44717"
"-0.38000";"-0.44100"
"-0.37800";"-0.43433"
"-0.37600";"-0.42821"
"-0.37400";"-0.42237"
"-0.37200";"-0.41688"
"-0.37000";"-0.41150"
"-0.36800";"-0.40575"
"-0.36600";"-0.40096"
"-0.36400";"-0.39592"
"-0.36200";"-0.39154"
"-0.36000";"-0.38608"
"-0.35800";"-0.38158"
"-0.35600";"-0.37742"
"-0.35400";"-0.37350"
"-0.35200";"-0.36929"
"-0.35000";"-0.36500"
"-0.34800";"-0.36092"
"-0.34600";"-0.35750"
"-0.34400";"-0.35350"
"-0.34200";"-0.35012"
"-0.34000";"-0.34608"
"-0.33800";"-0.34292"
"-0.33600";"-0.33987"
"-0.33400";"-0.33679"
"-0.33200";"-0.33367"
"-0.33000";"-0.33042"
"-0.32800";"-0.32779"
"-0.32600";"-0.32508"
"-0.32400";"-0.32246"
"-0.32200";"-0.31983"
"-0.32000";"-0.31750"
"-0.31800";"-0.31483"
"-0.31600";"-0.31304"
"-0.31400";"-0.31075"
"-0.31200";"-0.30858"
"-0.31000";"-0.30592"
"-0.30800";"-0.30342"
"-0.30600";"-0.30146"
"-0.30400";"-0.29929"
"-0.30200";"-0.29750"
"-0.30000";"-0.29533"
"-0.29800";"-0.29371"
"-0.29600";"-0.29192"
"-0.29400";"-0.29021"
"-0.29200";"-0.28804"
"-0.29000";"-0.28583"
"-0.28800";"-0.28367"
"-0.28600";"-0.28150"
"-0.28400";"-0.27971"
"-0.28200";"-0.27829"
"-0.28000";"-0.27663"
"-0.27800";"-0.27517"
"-0.27600";"-0.27383"
"-0.27400";"-0.27275"
"-0.27200";"-0.27150"
"-0.27000";"-0.26967"
"-0.26800";"-0.26758"
"-0.26600";"-0.26579"
"-0.26400";"-0.26383"
"-0.26200";"-0.26233"
"-0.26000";"-0.26033"
"-0.25800";"-0.25900"
"-0.25600";"-0.25796"
"-0.25400";"-0.25688"
"-0.25200";"-0.25550"
"-0.25000";"-0.25387"
"-0.24800";"-0.25275"
"-0.24600";"-0.25129"
"-0.24400";"-0.24913"
"-0.24200";"-0.24721"
"-0.24000";"-0.24533"
"-0.23800";"-0.24442"
"-0.23600";"-0.24325"
"-0.23400";"-0.24271"
"-0.23200";"-0.24200"
"-0.23000";"-0.24133"
"-0.22800";"-0.24212"
"-0.22600";"-0.24300"
"-0.22400";"-0.24388"
"-0.22200";"-0.24304"
"-0.22000";"-0.24154"
"-0.21800";"-0.24037"
"-0.21600";"-0.23863"
"-0.21400";"-0.23746"
"-0.21200";"-0.23521"
"-0.21000";"-0.23400"
"-0.20800";"-0.23292"
"-0.20600";"-0.23225"
"-0.20400";"-0.23137"
"-0.20200";"-0.23000"
"-0.20000";"-0.22879"
"-0.19800";"-0.22775"
"-0.19600";"-0.22713"
"-0.19400";"-0.22679"
"-0.19200";"-0.22596"
"-0.19000";"-0.22508"
"-0.18800";"-0.22438"
"-0.18600";"-0.22350"
"-0.18400";"-0.22229"
"-0.18200";"-0.22079"
"-0.18000";"-0.21967"
"-0.17800";"-0.21900"
"-0.17600";"-0.21767"
"-0.17400";"-0.21654"
"-0.17200";"-0.21554"
"-0.17000";"-0.21504"
"-0.16800";"-0.21471"
"-0.16600";"-0.21450"
"-0.16400";"-0.21400"
"-0.16200";"-0.21342"
"-0.16000";"-0.21200"
"-0.15800";"-0.21129"
"-0.15600";"-0.21029"
"-0.15400";"-0.20992"
"-0.15200";"-0.20946"
"-0.15000";"-0.20933"
"-0.14800";"-0.20963"
"-0.14600";"-0.20963"
"-0.14400";"-0.20971"
"-0.14200";"-0.20929"
"-0.14000";"-0.20867"
"-0.13800";"-0.20821"
"-0.13600";"-0.20775"
"-0.13400";"-0.20725"
"-0.13200";"-0.20600"
"-0.13000";"-0.20467"
"-0.12800";"-0.20379"
"-0.12600";"-0.20321"
"-0.12400";"-0.20250"
"-0.12200";"-0.20162"
"-0.12000";"-0.20079"
"-0.11800";"-0.19987"
"-0.11600";"-0.19875"
"-0.11400";"-0.19729"
"-0.11200";"-0.19637"
"-0.11000";"-0.19579"
"-0.10800";"-0.19508"
"-0.10600";"-0.19392"
"-0.10400";"-0.19242"
"-0.10200";"-0.19154"
"-0.10000";"-0.19083"
"-0.09800";"-0.19013"
"-0.09600";"-0.18888"
"-0.09400";"-0.18779"
"-0.09200";"-0.18667"
"-0.09000";"-0.18587"
"-0.08800";"-0.18479"
"-0.08600";"-0.18392"
"-0.08400";"-0.18262"
"-0.08200";"-0.18129"
"-0.08000";"-0.18058"
"-0.07800";"-0.17996"
"-0.07600";"-0.17892"
"-0.07400";"-0.17763"
"-0.07200";"-0.17629"
"-0.07000";"-0.17587"
"-0.06800";"-0.17483"
"-0.06600";"-0.17371"
"-0.06400";"-0.17217"
"-0.06200";"-0.17100"
"-0.06000";"-0.16992"
"-0.05800";"-0.16883"
"-0.05600";"-0.16713"
"-0.05400";"-0.16575"
"-0.05200";"-0.16396"
"-0.05000";"-0.16308"
"-0.04800";"-0.16171"
"-0.04600";"-0.16050"
"-0.04400";"-0.15871"
"-0.04200";"-0.15729"
"-0.04000";"-0.15596"
"-0.03800";"-0.15421"
"-0.03600";"-0.15213"
"-0.03400";"-0.14992"
"-0.03200";"-0.14754"
"-0.03000";"-0.14558"
"-0.02800";"-0.14346"
"-0.02600";"-0.14137"
"-0.02400";"-0.13913"
"-0.02200";"-0.13667"
"-0.02000";"-0.13454"
"-0.01800";"-0.13162"
"-0.01600";"-0.12871"
"-0.01400";"-0.12538"
"-0.01200";"-0.12200"
"-0.01000";"-0.11925"
"-0.00800";"-0.11583"
"-0.00600";"-0.11250"
"-0.00400";"-0.10804"
"-0.00200";"-0.10342"
"0.00000";"-0.09854"
"0.00200";"-0.09350"
"0.00400";"-0.08858"
"0.00600";"-0.08329"
"0.00800";"-0.07817"
"0.01000";"-0.07238"
"0.01200";"-0.06600"
"0.01400";"-0.05850"
"0.01600";"-0.05108"
"0.01800";"-0.04408"
"0.02000";"-0.03579"
"0.02200";"-0.02679"
"0.02400";"-0.01675"
"0.02600";"-0.00679"
"0.02800";"0.00308"
"0.03000";"0.01467"
"0.03200";"0.02654"
"0.03400";"0.04004"
"0.03600";"0.05408"
"0.03800";"0.06875"
"0.04000";"0.08679"
"0.04200";"0.11546"
"0.04400";"0.15746"
"0.04600";"0.21188"
"0.04800";"0.27433"
"0.05000";"0.34350"
"0.05200";"0.41242"
"0.05400";"0.47267"
"0.05600";"0.51087"
"0.05800";"0.52588"
"0.06000";"0.52050"
"0.06200";"0.49892"
"0.06400";"0.47125"
"0.06600";"0.44908"
"0.06800";"0.45083"
"0.07000";"0.47358"
"0.07200";"0.51029"
"0.07400";"0.55071"
"0.07600";"0.59525"
"0.07800";"0.63971"
"0.08000";"0.68750"
"0.08200";"0.73767"
"0.08400";"0.79387"
"0.08600";"0.85292"
"0.08800";"0.91217"
"0.09000";"0.97400"
"0.09200";"1.03954"
"0.09400";"1.11058"
"0.09600";"1.18479"
"0.09800";"1.25829"
"0.10000";"1.33642"
"0.10200";"1.41896"
"0.10400";"1.50879"
"0.10600";"1.60183"
"0.10800";"1.69413"
"0.11000";"1.78933"
"0.11200";"1.88904"
"0.11400";"1.99604"
"0.11600";"2.10771"
"0.11800";"2.21796"
"0.12000";"2.33283"
"0.12200";"2.45112"
"0.12400";"2.57729"
"0.12600";"2.69996"
"0.12800";"2.82667"
"0.13000";"2.95467"
"0.13200";"3.04413"
"0.13400";"3.14079"
"0.13600";"3.24042"
"0.13800";"3.39375"
"0.14000";"3.54875"
"0.14200";"3.71000"
"0.14400";"3.87125"
"0.14600";"4.01667"
"0.14800";"4.15708"
"0.15000";"4.29583"
"0.15200";"4.44833"
"0.15400";"4.60500"
"0.15600";"4.75917"
"0.15800";"4.91542"
"0.16000";"5.06792"
"0.16200";"5.21958"
"0.16400";"5.37208"
"0.16600";"5.52042"
"0.16800";"5.67208"
"0.17000";"5.81833"
"0.17200";"5.96750"
"0.17400";"6.10958"
"0.17600";"6.24083"
"0.17800";"6.37083"
"0.18000";"6.49875"
"0.18200";"6.63000"
"0.18400";"6.75542"
"0.18600";"6.87333"
"0.18800";"6.98583"
"0.19000";"7.09375"
"0.19200";"7.20083"
"0.19400";"7.30208"
"0.19600";"7.39167"
"0.19800";"7.47667"
"0.20000";"7.55708"
"0.20200";"7.63958"
"0.20400";"7.71583"
"0.20600";"7.78167"
"0.20800";"7.84042"
"0.21000";"7.89458"
"0.21200";"7.95000"
"0.21400";"8.00208"
"0.21600";"8.04333"
"0.21800";"8.08000"
"0.22000";"8.11083"
"0.22200";"8.14250"
"0.22400";"8.16833"
"0.22600";"8.18333"
"0.22800";"8.19458"
"0.23000";"8.20333"
"0.23200";"8.21375"
"0.23400";"8.21917"
"0.23600";"8.21292"
"0.23800";"8.20458"
"0.24000";"8.19292"
"0.24200";"8.18500"
"0.24400";"8.17292"
"0.24600";"8.15167"
"0.24800";"8.12792"
"0.25000";"8.10250"
"0.25200";"8.08042"
"0.25400";"8.04958"
"0.25600";"8.01542"
"0.25800";"7.98167"
"0.26000";"7.94958"
"0.26200";"7.91625"
"0.26400";"7.87542"
"0.26600";"7.83583"
"0.26800";"7.79375"
"0.27000";"7.75500"
"0.27200";"7.71375"
"0.27400";"7.67042"
"0.27600";"7.62625"
"0.27800";"7.58250"
"0.28000";"7.53958"
"0.28200";"7.49500"
"0.28400";"7.44500"
"0.28600";"7.39750"
"0.28800";"7.35042"
"0.29000";"7.30708"
"0.29200";"7.26083"
"0.29400";"7.21250"
"0.29600";"7.16500"
"0.29800";"7.11833"
"0.30000";"7.07333"
"0.30200";"7.02708"
"0.30400";"6.97875"
"0.30600";"6.93167"
"0.30800";"6.88583"
"0.31000";"6.84250"
"0.31200";"6.79875"
"0.31400";"6.75292"
"0.31600";"6.70750"
"0.31800";"6.66250"
"0.32000";"6.62042"
"0.32200";"6.57875"
"0.32400";"6.53458"
"0.32600";"6.49125"
"0.32800";"6.44833"
"0.33000";"6.40875"
"0.33200";"6.36917"
"0.33400";"6.32833"
"0.33600";"6.28833"
"0.33800";"6.24833"
"0.34000";"6.21000"
"0.34200";"6.17250"
"0.34400";"6.13375"
"0.34600";"6.09625"
"0.34800";"6.05750"
"0.35000";"6.02208"
"0.35200";"5.98667"
"0.35400";"5.95083"
"0.35600";"5.91583"
"0.35800";"5.88083"
"0.36000";"5.84792"
"0.36200";"5.81500"
"0.36400";"5.78125"
"0.36600";"5.74833"
"0.36800";"5.71417"
"0.37000";"5.68292"
"0.37200";"5.65208"
"0.37400";"5.62125"
"0.37600";"5.59042"
"0.37800";"5.55958"
"0.38000";"5.53167"
"0.38200";"5.50250"
"0.38400";"5.47417"
"0.38600";"5.44500"
"0.38800";"5.41667"
"0.39000";"5.38875"
"0.39200";"5.36000"
"0.39400";"5.33292"
"0.39600";"5.30667"
"0.39800";"5.28167"
"0.40000";"5.25625"
"0.40200";"5.22958"
"0.40400";"5.20375"
"0.40600";"5.17833"
"0.40800";"5.15458"
"0.41000";"5.13167"
"0.41200";"5.10875"
"0.41400";"5.08625"
"0.41600";"5.06333"
"0.41800";"5.04125"
"0.42000";"5.01833"
"0.42200";"4.99500"
"0.42400";"4.97250"
"0.42600";"4.95083"
"0.42800";"4.93000"
"0.43000";"4.90917"
"0.43200";"4.88750"
"0.43400";"4.86625"
"0.43600";"4.84542"
"0.43800";"4.82583"
"0.44000";"4.80625"
"0.44200";"4.78625"
"0.44400";"4.76625"
"0.44600";"4.74750"
"0.44800";"4.72875"
"0.45000";"4.71083"
"0.45200";"4.69208"
"0.45400";"4.67375"
"0.45600";"4.65542"
"0.45800";"4.63792"
"0.46000";"4.62042"
"0.46200";"4.60250"
"0.46400";"4.58458"
"0.46600";"4.56750"
"0.46800";"4.55083"
"0.47000";"4.53458"
"0.47200";"4.51792"
"0.47400";"4.50167"
"0.47600";"4.48625"
"0.47800";"4.47083"
"0.48000";"4.45625"
"0.48200";"4.44000"
"0.48400";"4.42500"
"0.48600";"4.40958"
"0.48800";"4.39417"
"0.49000";"4.37875"
"0.49200";"4.36333"
"0.49400";"4.34958"
"0.49600";"4.33542"
"0.49800";"4.32167"
"0.50000";"4.30750"
"0.50200";"4.29333"
"0.50400";"4.27958"
"0.50600";"4.26542"
"0.50800";"4.25250"
"0.51000";"4.23958"
"0.51200";"4.22667"
"0.51400";"4.21417"
"0.51600";"4.20208"
"0.51800";"4.18958"
"0.52000";"4.17625"
"0.52200";"4.16250"
"0.52400";"4.15042"
"0.52600";"4.13875"
"0.52800";"4.12708"
"0.53000";"4.11542"
"0.53200";"4.10292"
"0.53400";"4.09083"
"0.53600";"4.07917"
"0.53800";"4.06833"
"0.54000";"4.05667"
"0.54200";"4.04542"
"0.54400";"4.03375"
"0.54600";"4.02333"
"0.54800";"4.01250"
"0.55000";"4.00167"
"0.55200";"3.99083"
"0.55400";"3.98000"
"0.55600";"3.97000"
"0.55800";"3.96042"
"0.56000";"3.94958"
"0.56200";"3.93917"
"0.56400";"3.92833"
"0.56600";"3.91917"
"0.56800";"3.90917"
"0.57000";"3.89917"
"0.57200";"3.88958"
"0.57400";"3.88083"
"0.57600";"3.87208"
"0.57800";"3.86333"
"0.58000";"3.85375"
"0.58200";"3.84542"
"0.58400";"3.83625"
"0.58600";"3.82792"
"0.58800";"3.81917"
"0.59000";"3.81042"
"0.59200";"3.80167"
"0.59400";"3.79250"
"0.59600";"3.78417"
"0.59800";"3.77542"
"0.60000";"3.76625"
"0.59800";"3.73000"
"0.59600";"3.70250"
"0.59400";"3.68458"
"0.59200";"3.66792"
"0.59000";"3.65292"
"0.58800";"3.63875"
"0.58600";"3.62500"
"0.58400";"3.61167"
"0.58200";"3.59875"
"0.58000";"3.58708"
"0.57800";"3.57542"
"0.57600";"3.56375"
"0.57400";"3.55167"
"0.57200";"3.54125"
"0.57000";"3.53000"
"0.56800";"3.51958"
"0.56600";"3.50792"
"0.56400";"3.49792"
"0.56200";"3.48750"
"0.56000";"3.47750"
"0.55800";"3.46708"
"0.55600";"3.45708"
"0.55400";"3.44750"
"0.55200";"3.43875"
"0.55000";"3.42958"
"0.54800";"3.42000"
"0.54600";"3.41000"
"0.54400";"3.40042"
"0.54200";"3.39167"
"0.54000";"3.38292"
"0.53800";"3.37417"
"0.53600";"3.36500"
"0.53400";"3.35625"
"0.53200";"3.34750"
"0.53000";"3.33917"
"0.52800";"3.33083"
"0.52600";"3.32250"
"0.52400";"3.31333"
"0.52200";"3.30542"
"0.52000";"3.29667"
"0.51800";"3.28875"
"0.51600";"3.28042"
"0.51400";"3.27250"
"0.51200";"3.26458"
"0.51000";"3.25583"
"0.50800";"3.24750"
"0.50600";"3.23917"
"0.50400";"3.23083"
"0.50200";"3.22250"
"0.50000";"3.21458"
"0.49800";"3.20667"
"0.49600";"3.19917"
"0.49400";"3.19167"
"0.49200";"3.18333"
"0.49000";"3.17542"
"0.48800";"3.16708"
"0.48600";"3.15958"
"0.48400";"3.15250"
"0.48200";"3.14458"
"0.48000";"3.13750"
"0.47800";"3.12958"
"0.47600";"3.12250"
"0.47400";"3.11458"
"0.47200";"3.10708"
"0.47000";"3.09917"
"0.46800";"3.09167"
"0.46600";"3.08375"
"0.46400";"3.07667"
"0.46200";"3.06875"
"0.46000";"3.06125"
"0.45800";"3.05292"
"0.45600";"3.04583"
"0.45400";"3.03833"
"0.45200";"3.03125"
"0.45000";"3.02375"
"0.44800";"3.01625"
"0.44600";"3.00792"
"0.44400";"3.00083"
"0.44200";"2.99292"
"0.44000";"2.98583"
"0.43800";"2.97750"
"0.43600";"2.97042"
"0.43400";"2.96375"
"0.43200";"2.95667"
"0.43000";"2.94875"
"0.42800";"2.94083"
"0.42600";"2.93250"
"0.42400";"2.92583"
"0.42200";"2.91792"
"0.42000";"2.91083"
"0.41800";"2.90250"
"0.41600";"2.89458"
"0.41400";"2.88667"
"0.41200";"2.87875"
"0.41000";"2.87083"
"0.40800";"2.86292"
"0.40600";"2.85458"
"0.40400";"2.84708"
"0.40200";"2.83875"
"0.40000";"2.83125"
"0.39800";"2.82208"
"0.39600";"2.81375"
"0.39400";"2.80542"
"0.39200";"2.79792"
"0.39000";"2.79042"
"0.38800";"2.78167"
"0.38600";"2.77292"
"0.38400";"2.76458"
"0.38200";"2.75583"
"0.38000";"2.74792"
"0.37800";"2.73875"
"0.37600";"2.73083"
"0.37400";"2.72167"
"0.37200";"2.71292"
"0.37000";"2.70375"
"0.36800";"2.69458"
"0.36600";"2.68625"
"0.36400";"2.67708"
"0.36200";"2.66750"
"0.36000";"2.65750"
"0.35800";"2.64750"
"0.35600";"2.63875"
"0.35400";"2.62958"
"0.35200";"2.62000"
"0.35000";"2.60917"
"0.34800";"2.59792"
"0.34600";"2.58833"
"0.34400";"2.57875"
"0.34200";"2.56958"
"0.34000";"2.55958"
"0.33800";"2.54958"
"0.33600";"2.53958"
"0.33400";"2.52917"
"0.33200";"2.51833"
"0.33000";"2.50667"
"0.32800";"2.49458"
"0.32600";"2.48292"
"0.32400";"2.47042"
"0.32200";"2.45792"
"0.32000";"2.44500"
"0.31800";"2.43167"
"0.31600";"2.41875"
"0.31400";"2.40542"
"0.31200";"2.39208"
"0.31000";"2.37792"
"0.30800";"2.36333"
"0.30600";"2.35000"
"0.30400";"2.33583"
"0.30200";"2.32167"
"0.30000";"2.30625"
"0.29800";"2.29042"
"0.29600";"2.27542"
"0.29400";"2.25958"
"0.29200";"2.24375"
"0.29000";"2.22583"
"0.28800";"2.20708"
"0.28600";"2.18958"
"0.28400";"2.17125"
"0.28200";"2.15333"
"0.28000";"2.13250"
"0.27800";"2.11167"
"0.27600";"2.09083"
"0.27400";"2.07000"
"0.27200";"2.04917"
"0.27000";"2.02708"
"0.26800";"2.00333"
"0.26600";"1.98000"
"0.26400";"1.95542"
"0.26200";"1.93083"
"0.26000";"1.90292"
"0.25800";"1.87458"
"0.25600";"1.84708"
"0.25400";"1.81875"
"0.25200";"1.78875"
"0.25000";"1.75625"
"0.24800";"1.72542"
"0.24600";"1.69250"
"0.24400";"1.65833"
"0.24200";"1.61917"
"0.24000";"1.58083"
"0.23800";"1.54292"
"0.23600";"1.50458"
"0.23400";"1.46250"
"0.23200";"1.41625"
"0.23000";"1.37000"
"0.22800";"1.32542"
"0.22600";"1.28000"
"0.22400";"1.23042"
"0.22200";"1.17625"
"0.22000";"1.12042"
"0.21800";"1.06500"
"0.21600";"1.00833"
"0.21400";"0.94708"
"0.21200";"0.88208"
"0.21000";"0.81417"
"0.20800";"0.74792"
"0.20600";"0.67917"
"0.20400";"0.60708"
"0.20200";"0.52958"
"0.20000";"0.44875"
"0.19800";"0.37000"
"0.19600";"0.28750"
"0.19400";"0.20292"
"0.19200";"0.11125"
"0.19000";"0.01833"
"0.18800";"-0.07542"
"0.18600";"-0.17250"
"0.18400";"-0.27458"
"0.18200";"-0.38208"
"0.18000";"-0.49375"
"0.17800";"-0.60083"
"0.17600";"-0.71083"
"0.17400";"-0.82250"
"0.17200";"-0.94292"
"0.17000";"-1.06667"
"0.16800";"-1.18750"
"0.16600";"-1.31042"
"0.16400";"-1.43583"
"0.16200";"-1.56708"
"0.16000";"-1.70208"
"0.15800";"-1.83375"
"0.15600";"-1.96750"
"0.15400";"-2.10250"
"0.15200";"-2.24458"
"0.15000";"-2.39083"
"0.14800";"-2.53000"
"0.14600";"-2.66833"
"0.14400";"-2.80458"
"0.14200";"-2.94500"
"0.14000";"-3.08292"
"0.13800";"-3.21333"
"0.13600";"-3.34417"
"0.13400";"-3.47583"
"0.13200";"-3.61167"
"0.13000";"-3.74417"
"0.12800";"-3.86625"
"0.12600";"-3.98667"
"0.12400";"-4.10625"
"0.12200";"-4.23083"
"0.12000";"-4.34500"
"0.11800";"-4.45542"
"0.11600";"-4.56083"
"0.11400";"-4.67000"
"0.11200";"-4.77167"
"0.11000";"-4.86458"
"0.10800";"-4.94917"
"0.10600";"-5.03208"
"0.10400";"-5.11375"
"0.10200";"-5.19292"
"0.10000";"-5.26875"
""
""
"400N1_1#003"
""
"Potential (V)";"Current (uA)"
"0.10000";"-5.09750"
"0.09800";"-5.17458"
"0.09600";"-5.25042"
"0.09400";"-5.32042"
"0.09200";"-5.38417"
"0.09000";"-5.43500"
"0.08800";"-5.48125"
"0.08600";"-5.52083"
"0.08400";"-5.55958"
"0.08200";"-5.59292"
"0.08000";"-5.61750"
"0.07800";"-5.63792"
"0.07600";"-5.65292"
"0.07400";"-5.66833"
"0.07200";"-5.67958"
"0.07000";"-5.68333"
"0.06800";"-5.68292"
"0.06600";"-5.67917"
"0.06400";"-5.67542"
"0.06200";"-5.66833"
"0.06000";"-5.65333"
"0.05800";"-5.63708"
"0.05600";"-5.61792"
"0.05400";"-5.60042"
"0.05200";"-5.58000"
"0.05000";"-5.55500"
"0.04800";"-5.52875"
"0.04600";"-5.49875"
"0.04400";"-5.46958"
"0.04200";"-5.43792"
"0.04000";"-5.40333"
"0.03800";"-5.36875"
"0.03600";"-5.33250"
"0.03400";"-5.29833"
"0.03200";"-5.26125"
"0.03000";"-5.22250"
"0.02800";"-5.18292"
"0.02600";"-5.14417"
"0.02400";"-5.10667"
"0.02200";"-5.06875"
"0.02000";"-5.02792"
"0.01800";"-4.98625"
"0.01600";"-4.94417"
"0.01400";"-4.90292"
"0.01200";"-4.86208"
"0.01000";"-4.81875"
"0.00800";"-4.77583"
"0.00600";"-4.73333"
"0.00400";"-4.69417"
"0.00200";"-4.65375"
"0.00000";"-4.61333"
"-0.00200";"-4.57167"
"-0.00400";"-4.53125"
"-0.00600";"-4.49125"
"-0.00800";"-4.45083"
"-0.01000";"-4.41125"
"-0.01200";"-4.37167"
"-0.01400";"-4.33333"
"-0.01600";"-4.29583"
"-0.01800";"-4.25625"
"-0.02000";"-4.21750"
"-0.02200";"-4.17750"
"-0.02400";"-4.14083"
"-0.02600";"-4.10375"
"-0.02800";"-4.06625"
"-0.03000";"-4.02958"
"-0.03200";"-3.99375"
"-0.03400";"-3.96000"
"-0.03600";"-3.92542"
"-0.03800";"-3.89000"
"-0.04000";"-3.85625"
"-0.04200";"-3.82333"
"-0.04400";"-3.79208"
"-0.04600";"-3.76042"
"-0.04800";"-3.72750"
"-0.05000";"-3.69583"
"-0.05200";"-3.66417"
"-0.05400";"-3.63333"
"-0.05600";"-3.60250"
"-0.05800";"-3.57208"
"-0.06000";"-3.54250"
"-0.06200";"-3.51250"
"-0.06400";"-3.48333"
"-0.06600";"-3.45500"
"-0.06800";"-3.42667"
"-0.07000";"-3.39875"
"-0.07200";"-3.37083"
"-0.07400";"-3.34500"
"-0.07600";"-3.31875"
"-0.07800";"-3.29292"
"-0.08000";"-3.26625"
"-0.08200";"-3.24042"
"-0.08400";"-3.21458"
"-0.08600";"-3.19000"
"-0.08800";"-3.16542"
"-0.09000";"-3.14208"
"-0.09200";"-3.11792"
"-0.09400";"-3.09417"
"-0.09600";"-3.07083"
"-0.09800";"-3.04750"
"-0.10000";"-3.02542"
"-0.10200";"-3.00292"
"-0.10400";"-2.98167"
"-0.10600";"-2.96000"
"-0.10800";"-2.93875"
"-0.11000";"-2.91667"
"-0.11200";"-2.89583"
"-0.11400";"-2.87542"
"-0.11600";"-2.85542"
"-0.11800";"-2.83458"
"-0.12000";"-2.81500"
"-0.12200";"-2.79667"
"-0.12400";"-2.77833"
"-0.12600";"-2.75792"
"-0.12800";"-2.73833"
"-0.13000";"-2.71917"
"-0.13200";"-2.70125"
"-0.13400";"-2.68333"
"-0.13600";"-2.66542"
"-0.13800";"-2.64792"
"-0.14000";"-2.63042"
"-0.14200";"-2.61333"
"-0.14400";"-2.59708"
"-0.14600";"-2.58000"
"-0.14800";"-2.56417"
"-0.15000";"-2.54792"
"-0.15200";"-2.53333"
"-0.15400";"-2.51875"
"-0.15600";"-2.50333"
"-0.15800";"-2.48708"
"-0.16000";"-2.47042"
"-0.16200";"-2.45625"
"-0.16400";"-2.44292"
"-0.16600";"-2.42875"
"-0.16800";"-2.41375"
"-0.17000";"-2.39833"
"-0.17200";"-2.38417"
"-0.17400";"-2.37000"
"-0.17600";"-2.35708"
"-0.17800";"-2.35333"
"-0.18000";"-2.36958"
"-0.18200";"-2.38583"
"-0.18400";"-2.36875"
"-0.18600";"-2.32542"
"-0.18800";"-2.28208"
"-0.19000";"-2.26292"
"-0.19200";"-2.25000"
"-0.19400";"-2.24042"
"-0.19600";"-2.24708"
"-0.19800";"-2.27000"
"-0.20000";"-2.29667"
"-0.20200";"-2.30833"
"-0.20400";"-2.29292"
"-0.20600";"-2.23958"
"-0.20800";"-2.18583"
"-0.21000";"-2.14792"
"-0.21200";"-2.14500"
"-0.21400";"-2.14125"
"-0.21600";"-2.13542"
"-0.21800";"-2.12708"
"-0.22000";"-2.11958"
"-0.22200";"-2.11042"
"-0.22400";"-2.10125"
"-0.22600";"-2.09208"
"-0.22800";"-2.08333"
"-0.23000";"-2.07375"
"-0.23200";"-2.06500"
"-0.23400";"-2.05625"
"-0.23600";"-2.04833"
"-0.23800";"-2.03917"
"-0.24000";"-2.03000"
"-0.24200";"-2.02708"
"-0.24400";"-2.02000"
"-0.24600";"-2.01083"
"-0.24800";"-1.99417"
"-0.25000";"-1.98250"
"-0.25200";"-1.97167"
"-0.25400";"-2.03375"
"-0.25600";"-2.02000"
"-0.25800";"-1.99917"
"-0.26000";"-1.90542"
"-0.26200";"-1.88750"
"-0.26400";"-1.87792"
"-0.26600";"-1.86958"
"-0.26800";"-1.86125"
"-0.27000";"-1.85333"
"-0.27200";"-1.84458"
"-0.27400";"-1.83667"
"-0.27600";"-1.83208"
"-0.27800";"-1.82458"
"-0.28000";"-1.99250"
"-0.28200";"-2.25083"
"-0.28400";"-2.25958"
"-0.28600";"-2.07833"
"-0.28800";"-1.80250"
"-0.29000";"-1.78042"
"-0.29200";"-1.78583"
"-0.29400";"-1.78208"
"-0.29600";"-1.77417"
"-0.29800";"-1.75417"
"-0.30000";"-1.74375"
"-0.30200";"-1.73708"
"-0.30400";"-1.72917"
"-0.30600";"-1.72333"
"-0.30800";"-1.71750"
"-0.31000";"-1.71250"
"-0.31200";"-1.70625"
"-0.31400";"-1.70042"
"-0.31600";"-1.69458"
"-0.31800";"-1.68875"
"-0.32000";"-1.68208"
"-0.32200";"-1.67625"
"-0.32400";"-1.67042"
"-0.32600";"-1.66542"
"-0.32800";"-1.66042"
"-0.33000";"-1.65542"
"-0.33200";"-1.65083"
"-0.33400";"-1.64458"
"-0.33600";"-1.63917"
"-0.33800";"-1.63417"
"-0.34000";"-1.63000"
"-0.34200";"-1.62667"
"-0.34400";"-1.62167"
"-0.34600";"-1.61750"
"-0.34800";"-1.61250"
"-0.35000";"-1.60792"
"-0.35200";"-1.60375"
"-0.35400";"-1.59875"
"-0.35600";"-1.60583"
"-0.35800";"-1.60292"
"-0.36000";"-1.60000"
"-0.36200";"-1.58625"
"-0.36400";"-1.58125"
"-0.36600";"-1.57708"
"-0.36800";"-1.57292"
"-0.37000";"-1.57042"
"-0.37200";"-1.56875"
"-0.37400";"-1.56583"
"-0.37600";"-1.56333"
"-0.37800";"-1.56083"
"-0.38000";"-1.55958"
"-0.38200";"-1.55708"
"-0.38400";"-1.55500"
"-0.38600";"-1.55250"
"-0.38800";"-1.55125"
"-0.39000";"-1.54958"
"-0.39200";"-1.54833"
"-0.39400";"-1.54667"
"-0.39600";"-1.54500"
"-0.39800";"-1.54417"
"-0.40000";"-1.54375"
"-0.40200";"-1.54333"
"-0.40400";"-1.54250"
"-0.40600";"-1.54167"
"-0.40800";"-1.54125"
"-0.41000";"-1.54167"
"-0.41200";"-1.54208"
"-0.41400";"-1.54292"
"-0.41600";"-1.54375"
"-0.41800";"-1.54500"
"-0.42000";"-1.54625"
"-0.42200";"-1.54708"
"-0.42400";"-1.54875"
"-0.42600";"-1.55042"
"-0.42800";"-1.55333"
"-0.43000";"-1.55542"
"-0.43200";"-1.55875"
"-0.43400";"-1.56167"
"-0.43600";"-1.56625"
"-0.43800";"-1.57125"
"-0.44000";"-1.57583"
"-0.44200";"-1.58083"
"-0.44400";"-1.58625"
"-0.44600";"-1.59333"
"-0.44800";"-1.59958"
"-0.45000";"-1.60708"
"-0.45200";"-1.61542"
"-0.45400";"-1.62458"
"-0.45600";"-1.63375"
"-0.45800";"-1.64292"
"-0.46000";"-1.65375"
"-0.46200";"-1.66333"
"-0.46400";"-1.67458"
"-0.46600";"-1.68625"
"-0.46800";"-1.70000"
"-0.47000";"-1.71458"
"-0.47200";"-1.72875"
"-0.47400";"-1.74250"
"-0.47600";"-1.75708"
"-0.47800";"-1.77333"
"-0.48000";"-1.79292"
"-0.48200";"-1.81208"
"-0.48400";"-1.83417"
"-0.48600";"-1.85500"
"-0.48800";"-1.87750"
"-0.49000";"-1.89917"
"-0.49200";"-1.92125"
"-0.49400";"-1.94417"
"-0.49600";"-1.96667"
"-0.49800";"-1.99083"
"-0.50000";"-2.01375"
"-0.50200";"-2.03667"
"-0.50400";"-2.06000"
"-0.50600";"-2.08458"
"-0.50800";"-2.11042"
"-0.51000";"-2.13458"
"-0.51200";"-2.15917"
"-0.51400";"-2.18542"
"-0.51600";"-2.21292"
"-0.51800";"-2.24125"
"-0.52000";"-2.26708"
"-0.52200";"-2.29458"
"-0.52400";"-2.32208"
"-0.52600";"-2.35125"
"-0.52800";"-2.38000"
"-0.53000";"-2.40792"
"-0.53200";"-2.43708"
"-0.53400";"-2.46667"
"-0.53600";"-2.49792"
"-0.53800";"-2.52750"
"-0.54000";"-2.55625"
"-0.54200";"-2.58500"
"-0.54400";"-2.61583"
"-0.54600";"-2.64833"
"-0.54800";"-2.68125"
"-0.55000";"-2.71250"
"-0.55200";"-2.74458"
"-0.55400";"-2.77708"
"-0.55600";"-2.81167"
"-0.55800";"-2.84625"
"-0.56000";"-2.88083"
"-0.56200";"-2.91542"
"-0.56400";"-2.95083"
"-0.56600";"-2.98750"
"-0.56800";"-3.02417"
"-0.57000";"-3.06083"
"-0.57200";"-3.09750"
"-0.57400";"-3.13542"
"-0.57600";"-3.17375"
"-0.57800";"-3.21292"
"-0.58000";"-3.25125"
"-0.58200";"-3.29083"
"-0.58400";"-3.33125"
"-0.58600";"-3.37375"
"-0.58800";"-3.41583"
"-0.59000";"-3.45792"
"-0.59200";"-3.50125"
"-0.59400";"-3.54583"
"-0.59600";"-3.59167"
"-0.59800";"-3.63833"
"-0.60000";"-3.68625"
"-0.59800";"-3.60750"
"-0.59600";"-3.53792"
"-0.59400";"-3.47917"
"-0.59200";"-3.42542"
"-0.59000";"-3.37500"
"-0.58800";"-3.32583"
"-0.58600";"-3.27750"
"-0.58400";"-3.23083"
"-0.58200";"-3.18792"
"-0.58000";"-3.14542"
"-0.57800";"-3.10333"
"-0.57600";"-3.06167"
"-0.57400";"-3.02167"
"-0.57200";"-2.98375"
"-0.57000";"-2.94583"
"-0.56800";"-2.90958"
"-0.56600";"-2.87333"
"-0.56400";"-2.83667"
"-0.56200";"-2.80083"
"-0.56000";"-2.76542"
"-0.55800";"-2.73208"
"-0.55600";"-2.69750"
"-0.55400";"-2.66417"
"-0.55200";"-2.63208"
"-0.55000";"-2.60125"
"-0.54800";"-2.57125"
"-0.54600";"-2.54000"
"-0.54400";"-2.50958"
"-0.54200";"-2.47917"
"-0.54000";"-2.44958"
"-0.53800";"-2.42000"
"-0.53600";"-2.39000"
"-0.53400";"-2.36042"
"-0.53200";"-2.33125"
"-0.53000";"-2.30292"
"-0.52800";"-2.27500"
"-0.52600";"-2.24667"
"-0.52400";"-2.21792"
"-0.52200";"-2.19042"
"-0.52000";"-2.16333"
"-0.51800";"-2.13625"
"-0.51600";"-2.10833"
"-0.51400";"-2.08125"
"-0.51200";"-2.05583"
"-0.51000";"-2.03000"
"-0.50800";"-2.00375"
"-0.50600";"-1.97708"
"-0.50400";"-1.95125"
"-0.50200";"-1.92667"
"-0.50000";"-1.90125"
"-0.49800";"-1.87625"
"-0.49600";"-1.84958"
"-0.49400";"-1.82500"
"-0.49200";"-1.79958"
"-0.49000";"-1.77583"
"-0.48800";"-1.75042"
"-0.48600";"-1.72667"
"-0.48400";"-1.70333"
"-0.48200";"-1.68042"
"-0.48000";"-1.65708"
"-0.47800";"-1.63375"
"-0.47600";"-1.61083"
"-0.47400";"-1.58875"
"-0.47200";"-1.56667"
"-0.47000";"-1.54500"
"-0.46800";"-1.52250"
"-0.46600";"-1.50042"
"-0.46400";"-1.47958"
"-0.46200";"-1.45958"
"-0.46000";"-1.43917"
"-0.45800";"-1.41875"
"-0.45600";"-1.39792"
"-0.45400";"-1.37875"
"-0.45200";"-1.35958"
"-0.45000";"-1.34167"
"-0.44800";"-1.32333"
"-0.44600";"-1.30458"
"-0.44400";"-1.28708"
"-0.44200";"-1.27000"
"-0.44000";"-1.25417"
"-0.43800";"-1.23708"
"-0.43600";"-1.22042"
"-0.43400";"-1.20375"
"-0.43200";"-1.18708"
"-0.43000";"-1.17125"
"-0.42800";"-1.15542"
"-0.42600";"-1.14042"
"-0.42400";"-1.12583"
"-0.42200";"-1.11125"
"-0.42000";"-1.09708"
"-0.41800";"-1.08292"
"-0.41600";"-1.06958"
"-0.41400";"-1.05667"
"-0.41200";"-1.04333"
"-0.41000";"-1.03125"
"-0.40800";"-1.01917"
"-0.40600";"-1.00792"
"-0.40400";"-0.99667"
"-0.40200";"-0.98500"
"-0.40000";"-0.97375"
"-0.39800";"-0.96250"
"-0.39600";"-0.95167"
"-0.39400";"-0.94167"
"-0.39200";"-0.93167"
"-0.39000";"-0.92250"
"-0.38800";"-0.91292"
"-0.38600";"-0.90333"
"-0.38400";"-0.89417"
"-0.38200";"-0.88542"
"-0.38000";"-0.87667"
"-0.37800";"-0.86833"
"-0.37600";"-0.86042"
"-0.37400";"-0.85250"
"-0.37200";"-0.84458"
"-0.37000";"-0.83625"
"-0.36800";"-0.82917"
"-0.36600";"-0.82250"
"-0.36400";"-0.81625"
"-0.36200";"-0.80917"
"-0.36000";"-0.80250"
"-0.35800";"-0.79583"
"-0.35600";"-0.79042"
"-0.35400";"-0.78458"
"-0.35200";"-0.77833"
"-0.35000";"-0.77167"
"-0.34800";"-0.76583"
"-0.34600";"-0.76125"
"-0.34400";"-0.75625"
"-0.34200";"-0.75125"
"-0.34000";"-0.74583"
"-0.33800";"-0.74167"
"-0.33600";"-0.73667"
"-0.33400";"-0.73125"
"-0.33200";"-0.72583"
"-0.33000";"-0.72125"
"-0.32800";"-0.71750"
"-0.32600";"-0.71375"
"-0.32400";"-0.70958"
"-0.32200";"-0.70542"
"-0.32000";"-0.70125"
"-0.31800";"-0.69792"
"-0.31600";"-0.69417"
"-0.31400";"-0.69083"
"-0.31200";"-0.68708"
"-0.31000";"-0.68375"
"-0.30800";"-0.68000"
"-0.30600";"-0.67667"
"-0.30400";"-0.67292"
"-0.30200";"-0.66958"
"-0.30000";"-0.66625"
"-0.29800";"-0.66333"
"-0.29600";"-0.66042"
"-0.29400";"-0.65750"
"-0.29200";"-0.65417"
"-0.29000";"-0.65083"
"-0.28800";"-0.64750"
"-0.28600";"-0.64500"
"-0.28400";"-0.64250"
"-0.28200";"-0.64000"
"-0.28000";"-0.63708"
"-0.27800";"-0.63375"
"-0.27600";"-0.63083"
"-0.27400";"-0.62792"
"-0.27200";"-0.62500"
"-0.27000";"-0.62250"
"-0.26800";"-0.62000"
"-0.26600";"-0.61833"
"-0.26400";"-0.61583"
"-0.26200";"-0.61333"
"-0.26000";"-0.61000"
"-0.25800";"-0.60708"
"-0.25600";"-0.60417"
"-0.25400";"-0.60292"
"-0.25200";"-0.60042"
"-0.25000";"-0.59792"
"-0.24800";"-0.59458"
"-0.24600";"-0.59167"
"-0.24400";"-0.59000"
"-0.24200";"-0.58833"
"-0.24000";"-0.58625"
"-0.23800";"-0.58333"
"-0.23600";"-0.58083"
"-0.23400";"-0.57875"
"-0.23200";"-0.57625"
"-0.23000";"-0.57250"
"-0.22800";"-0.57000"
"-0.22600";"-0.56667"
"-0.22400";"-0.56333"
"-0.22200";"-0.55875"
"-0.22000";"-0.55583"
"-0.21800";"-0.55333"
"-0.21600";"-0.55042"
"-0.21400";"-0.54625"
"-0.21200";"-0.54250"
"-0.21000";"-0.53875"
"-0.20800";"-0.53667"
"-0.20600";"-0.53417"
"-0.20400";"-0.53292"
"-0.20200";"-0.53083"
"-0.20000";"-0.52958"
"-0.19800";"-0.52875"
"-0.19600";"-0.52708"
"-0.19400";"-0.52500"
"-0.19200";"-0.52250"
"-0.19000";"-0.52042"
"-0.18800";"-0.51792"
"-0.18600";"-0.51417"
"-0.18400";"-0.51042"
"-0.18200";"-0.50667"
"-0.18000";"-0.50333"
"-0.17800";"-0.50125"
"-0.17600";"-0.49875"
"-0.17400";"-0.49750"
"-0.17200";"-0.49542"
"-0.17000";"-0.49458"
"-0.16800";"-0.49250"
"-0.16600";"-0.49125"
"-0.16400";"-0.48917"
"-0.16200";"-0.48833"
"-0.16000";"-0.48583"
"-0.15800";"-0.48417"
"-0.15600";"-0.48208"
"-0.15400";"-0.48042"
"-0.15200";"-0.47833"
"-0.15000";"-0.47625"
"-0.14800";"-0.47542"
"-0.14600";"-0.47375"
"-0.14400";"-0.46708"
"-0.14200";"-0.45750"
"-0.14000";"-0.44792"
"-0.13800";"-0.44958"
"-0.13600";"-0.45292"
"-0.13400";"-0.45667"
"-0.13200";"-0.45417"
"-0.13000";"-0.45250"
"-0.12800";"-0.45167"
"-0.12600";"-0.45042"
"-0.12400";"-0.44958"
"-0.12200";"-0.44833"
"-0.12000";"-0.44750"
"-0.11800";"-0.44625"
"-0.11600";"-0.44500"
"-0.11400";"-0.44417"
"-0.11200";"-0.44292"
"-0.11000";"-0.44208"
"-0.10800";"-0.44042"
"-0.10600";"-0.43875"
"-0.10400";"-0.43625"
"-0.10200";"-0.43417"
"-0.10000";"-0.43333"
"-0.09800";"-0.43292"
"-0.09600";"-0.43250"
"-0.09400";"-0.43208"
"-0.09200";"-0.43208"
"-0.09000";"-0.43292"
"-0.08800";"-0.43375"
"-0.08600";"-0.43375"
"-0.08400";"-0.43375"
"-0.08200";"-0.43250"
"-0.08000";"-0.43250"
"-0.07800";"-0.43167"
"-0.07600";"-0.43042"
"-0.07400";"-0.42833"
"-0.07200";"-0.42542"
"-0.07000";"-0.42417"
"-0.06800";"-0.42250"
"-0.06600";"-0.42125"
"-0.06400";"-0.41875"
"-0.06200";"-0.41583"
"-0.06000";"-0.41375"
"-0.05800";"-0.41083"
"-0.05600";"-0.40833"
"-0.05400";"-0.40625"
"-0.05200";"-0.40458"
"-0.05000";"-0.40292"
"-0.04800";"-0.40000"
"-0.04600";"-0.39750"
"-0.04400";"-0.39500"
"-0.04200";"-0.39250"
"-0.04000";"-0.38958"
"-0.03800";"-0.38667"
"-0.03600";"-0.38333"
"-0.03400";"-0.38042"
"-0.03200";"-0.37750"
"-0.03000";"-0.37417"
"-0.02800";"-0.37125"
"-0.02600";"-0.36750"
"-0.02400";"-0.36458"
"-0.02200";"-0.36000"
"-0.02000";"-0.35667"
"-0.01800";"-0.35333"
"-0.01600";"-0.35000"
"-0.01400";"-0.34542"
"-0.01200";"-0.34000"
"-0.01000";"-0.33542"
"-0.00800";"-0.33042"
"-0.00600";"-0.32500"
"-0.00400";"-0.31958"
"-0.00200";"-0.31417"
"0.00000";"-0.30917"
"0.00200";"-0.30250"
"0.00400";"-0.29583"
"0.00600";"-0.28792"
"0.00800";"-0.28125"
"0.01000";"-0.27333"
"0.01200";"-0.26583"
"0.01400";"-0.25708"
"0.01600";"-0.24875"
"0.01800";"-0.24042"
"0.02000";"-0.23125"
"0.02200";"-0.22167"
"0.02400";"-0.21000"
"0.02600";"-0.19792"
"0.02800";"-0.18542"
"0.03000";"-0.17292"
"0.03200";"-0.15958"
"0.03400";"-0.14417"
"0.03600";"-0.12792"
"0.03800";"-0.11208"
"0.04000";"-0.09500"
"0.04200";"-0.07042"
"0.04400";"-0.03333"
"0.04600";"0.01458"
"0.04800";"0.07125"
"0.05000";"0.13958"
"0.05200";"0.21875"
"0.05400";"0.29708"
"0.05600";"0.32917"
"0.05800";"0.31917"
"0.06000";"0.27667"
"0.06200";"0.25792"
"0.06400";"0.25125"
"0.06600";"0.26625"
"0.06800";"0.28792"
"0.07000";"0.32333"
"0.07200";"0.36375"
"0.07400";"0.40625"
"0.07600";"0.45417"
"0.07800";"0.50250"
"0.08000";"0.55458"
"0.08200";"0.60875"
"0.08400";"0.66875"
"0.08600";"0.73167"
"0.08800";"0.79417"
"0.09000";"0.85958"
"0.09200";"0.93000"
"0.09400";"1.00625"
"0.09600";"1.08500"
"0.09800";"1.16333"
"0.10000";"1.24500"
"0.10200";"1.33208"
"0.10400";"1.42583"
"0.10600";"1.52375"
"0.10800";"1.62042"
"0.11000";"1.72125"
"0.11200";"1.82667"
"0.11400";"1.94208"
"0.11600";"2.06042"
"0.11800";"2.17750"
"0.12000";"2.29750"
"0.12200";"2.42125"
"0.12400";"2.55333"
"0.12600";"2.68208"
"0.12800";"2.81625"
"0.13000";"2.95250"
"0.13200";"3.09917"
"0.13400";"3.24667"
"0.13600";"3.39125"
"0.13800";"3.53833"
"0.14000";"3.68667"
"0.14200";"3.84417"
"0.14400";"3.99708"
"0.14600";"4.14375"
"0.14800";"4.29417"
"0.15000";"4.44958"
"0.15200";"4.61542"
"0.15400";"4.77792"
"0.15600";"4.93667"
"0.15800";"5.09333"
"0.16000";"5.24875"
"0.16200";"5.40875"
"0.16400";"5.56708"
"0.16600";"5.71875"
"0.16800";"5.87000"
"0.17000";"6.01875"
"0.17200";"6.17125"
"0.17400";"6.31667"
"0.17600";"6.45250"
"0.17800";"6.58792"
"0.18000";"6.72333"
"0.18200";"6.87292"
"0.18400";"7.00542"
"0.18600";"7.12083"
"0.18800";"7.22000"
"0.19000";"7.32625"
"0.19200";"7.43792"
"0.19400";"7.54583"
"0.19600";"7.64083"
"0.19800";"7.73167"
"0.20000";"7.81708"
"0.20200";"7.90458"
"0.20400";"7.98625"
"0.20600";"8.05583"
"0.20800";"8.11708"
"0.21000";"8.17292"
"0.21200";"8.23125"
"0.21400";"8.28500"
"0.21600";"8.32708"
"0.21800";"8.36208"
"0.22000";"8.39333"
"0.22200";"8.42625"
"0.22400";"8.45292"
"0.22600";"8.46792"
"0.22800";"8.47708"
"0.23000";"8.48458"
"0.23200";"8.49417"
"0.23400";"8.49833"
"0.23600";"8.49167"
"0.23800";"8.48167"
"0.24000";"8.46833"
"0.24200";"8.45792"
"0.24400";"8.44375"
"0.24600";"8.42042"
"0.24800";"8.39417"
"0.25000";"8.36625"
"0.25200";"8.34208"
"0.25400";"8.30917"
"0.25600";"8.27417"
"0.25800";"8.23750"
"0.26000";"8.20417"
"0.26200";"8.16625"
"0.26400";"8.12500"
"0.26600";"8.08208"
"0.26800";"8.03833"
"0.27000";"7.99500"
"0.27200";"7.95125"
"0.27400";"7.90417"
"0.27600";"7.85667"
"0.27800";"7.81000"
"0.28000";"7.76458"
"0.28200";"7.71917"
"0.28400";"7.66833"
"0.28600";"7.61917"
"0.28800";"7.57000"
"0.29000";"7.52250"
"0.29200";"7.47292"
"0.29400";"7.42042"
"0.29600";"7.37083"
"0.29800";"7.32250"
"0.30000";"7.27458"
"0.30200";"7.22583"
"0.30400";"7.17500"
"0.30600";"7.12708"
"0.30800";"7.07917"
"0.31000";"7.03292"
"0.31200";"6.98625"
"0.31400";"6.93750"
"0.31600";"6.89125"
"0.31800";"6.84500"
"0.32000";"6.80125"
"0.32200";"6.75625"
"0.32400";"6.70958"
"0.32600";"6.66417"
"0.32800";"6.61958"
"0.33000";"6.57708"
"0.33200";"6.53500"
"0.33400";"6.49125"
"0.33600";"6.44958"
"0.33800";"6.40833"
"0.34000";"6.36917"
"0.34200";"6.33000"
"0.34400";"6.28917"
"0.34600";"6.24958"
"0.34800";"6.21042"
"0.35000";"6.17375"
"0.35200";"6.13750"
"0.35400";"6.09917"
"0.35600";"6.06125"
"0.35800";"6.02375"
"0.36000";"5.98917"
"0.36200";"5.95542"
"0.36400";"5.92042"
"0.36600";"5.88625"
"0.36800";"5.85167"
"0.37000";"5.81917"
"0.37200";"5.78708"
"0.37400";"5.75375"
"0.37600";"5.72167"
"0.37800";"5.68917"
"0.38000";"5.65958"
"0.38200";"5.62875"
"0.38400";"5.59833"
"0.38600";"5.56792"
"0.38800";"5.53917"
"0.39000";"5.51083"
"0.39200";"5.48167"
"0.39400";"5.45250"
"0.39600";"5.42417"
"0.39800";"5.39792"
"0.40000";"5.37208"
"0.40200";"5.34542"
"0.40400";"5.31875"
"0.40600";"5.29250"
"0.40800";"5.26792"
"0.41000";"5.24292"
"0.41200";"5.21750"
"0.41400";"5.19208"
"0.41600";"5.16875"
"0.41800";"5.14583"
"0.42000";"5.12417"
"0.42200";"5.10000"
"0.42400";"5.07750"
"0.42600";"5.05375"
"0.42800";"5.03292"
"0.43000";"5.01083"
"0.43200";"4.98958"
"0.43400";"4.96750"
"0.43600";"4.94667"
"0.43800";"4.92583"
"0.44000";"4.90542"
"0.44200";"4.88417"
"0.44400";"4.86417"
"0.44600";"4.84458"
"0.44800";"4.82500"
"0.45000";"4.80542"
"0.45200";"4.78542"
"0.45400";"4.76667"
"0.45600";"4.74792"
"0.45800";"4.73000"
"0.46000";"4.71208"
"0.46200";"4.69375"
"0.46400";"4.67583"
"0.46600";"4.65792"
"0.46800";"4.64042"
"0.47000";"4.62292"
"0.47200";"4.60625"
"0.47400";"4.58958"
"0.47600";"4.57333"
"0.47800";"4.55708"
"0.48000";"4.54167"
"0.48200";"4.52458"
"0.48400";"4.50917"
"0.48600";"4.49250"
"0.48800";"4.47667"
"0.49000";"4.46125"
"0.49200";"4.44625"
"0.49400";"4.43167"
"0.49600";"4.41625"
"0.49800";"4.40167"
"0.50000";"4.38833"
"0.50200";"4.37375"
"0.50400";"4.36042"
"0.50600";"4.34667"
"0.50800";"4.33375"
"0.51000";"4.31917"
"0.51200";"4.30542"
"0.51400";"4.29250"
"0.51600";"4.28042"
"0.51800";"4.26708"
"0.52000";"4.25333"
"0.52200";"4.24042"
"0.52400";"4.22792"
"0.52600";"4.21583"
"0.52800";"4.20292"
"0.53000";"4.19083"
"0.53200";"4.17792"
"0.53400";"4.16583"
"0.53600";"4.15375"
"0.53800";"4.14167"
"0.54000";"4.12958"
"0.54200";"4.11750"
"0.54400";"4.10667"
"0.54600";"4.09583"
"0.54800";"4.08542"
"0.55000";"4.07417"
"0.55200";"4.06292"
"0.55400";"4.05167"
"0.55600";"4.04125"
"0.55800";"4.03125"
"0.56000";"4.02000"
"0.56200";"4.00917"
"0.56400";"3.99833"
"0.56600";"3.98875"
"0.56800";"3.97917"
"0.57000";"3.96917"
"0.57200";"3.96000"
"0.57400";"3.94958"
"0.57600";"3.94083"
"0.57800";"3.93083"
"0.58000";"3.92125"
"0.58200";"3.91125"
"0.58400";"3.90208"
"0.58600";"3.89417"
"0.58800";"3.88542"
"0.59000";"3.87625"
"0.59200";"3.86708"
"0.59400";"3.85875"
"0.59600";"3.85042"
"0.59800";"3.84250"
"0.60000";"3.83500"
"0.59800";"3.79500"
"0.59600";"3.76500"
"0.59400";"3.74708"
"0.59200";"3.73000"
"0.59000";"3.71542"
"0.58800";"3.70083"
"0.58600";"3.68708"
"0.58400";"3.67292"
"0.58200";"3.66083"
"0.58000";"3.64792"
"0.57800";"3.63583"
"0.57600";"3.62292"
"0.57400";"3.61125"
"0.57200";"3.60000"
"0.57000";"3.58875"
"0.56800";"3.57750"
"0.56600";"3.56625"
"0.56400";"3.55542"
"0.56200";"3.54542"
"0.56000";"3.53542"
"0.55800";"3.52458"
"0.55600";"3.51292"
"0.55400";"3.50292"
"0.55200";"3.49417"
"0.55000";"3.48583"
"0.54800";"3.47583"
"0.54600";"3.46542"
"0.54400";"3.45542"
"0.54200";"3.44625"
"0.54000";"3.43750"
"0.53800";"3.42875"
"0.53600";"3.41958"
"0.53400";"3.41000"
"0.53200";"3.40083"
"0.53000";"3.39250"
"0.52800";"3.38375"
"0.52600";"3.37542"
"0.52400";"3.36583"
"0.52200";"3.35750"
"0.52000";"3.34875"
"0.51800";"3.34042"
"0.51600";"3.33208"
"0.51400";"3.32333"
"0.51200";"3.31583"
"0.51000";"3.30708"
"0.50800";"3.29833"
"0.50600";"3.28917"
"0.50400";"3.28125"
"0.50200";"3.27333"
"0.50000";"3.26542"
"0.49800";"3.25750"
"0.49600";"3.24958"
"0.49400";"3.24208"
"0.49200";"3.23375"
"0.49000";"3.22583"
"0.48800";"3.21750"
"0.48600";"3.21000"
"0.48400";"3.20250"
"0.48200";"3.19458"
"0.48000";"3.18708"
"0.47800";"3.17833"
"0.47600";"3.17042"
"0.47400";"3.16250"
"0.47200";"3.15542"
"0.47000";"3.14792"
"0.46800";"3.13958"
"0.46600";"3.13167"
"0.46400";"3.12333"
"0.46200";"3.11583"
"0.46000";"3.10833"
"0.45800";"3.10167"
"0.45600";"3.09375"
"0.45400";"3.08667"
"0.45200";"3.07917"
"0.45000";"3.07167"
"0.44800";"3.06333"
"0.44600";"3.05458"
"0.44400";"3.04708"
"0.44200";"3.03958"
"0.44000";"3.03208"
"0.43800";"3.02417"
"0.43600";"3.01625"
"0.43400";"3.00875"
"0.43200";"3.00083"
"0.43000";"2.99292"
"0.42800";"2.98500"
"0.42600";"2.97708"
"0.42400";"2.96958"
"0.42200";"2.96250"
"0.42000";"2.95500"
"0.41800";"2.94667"
"0.41600";"2.93792"
"0.41400";"2.93000"
"0.41200";"2.92208"
"0.41000";"2.91417"
"0.40800";"2.90583"
"0.40600";"2.89792"
"0.40400";"2.89042"
"0.40200";"2.88250"
"0.40000";"2.87417"
"0.39800";"2.86500"
"0.39600";"2.85625"
"0.39400";"2.84833"
"0.39200";"2.84000"
"0.39000";"2.83250"
"0.38800";"2.82375"
"0.38600";"2.81542"
"0.38400";"2.80667"
"0.38200";"2.79750"
"0.38000";"2.78792"
"0.37800";"2.77875"
"0.37600";"2.77083"
"0.37400";"2.76292"
"0.37200";"2.75292"
"0.37000";"2.74292"
"0.36800";"2.73292"
"0.36600";"2.72458"
"0.36400";"2.71542"
"0.36200";"2.70625"
"0.36000";"2.69667"
"0.35800";"2.68708"
"0.35600";"2.67792"
"0.35400";"2.66792"
"0.35200";"2.65750"
"0.35000";"2.64625"
"0.34800";"2.63500"
"0.34600";"2.62542"
"0.34400";"2.61583"
"0.34200";"2.60625"
"0.34000";"2.59458"
"0.33800";"2.58292"
"0.33600";"2.57250"
"0.33400";"2.56250"
"0.33200";"2.55208"
"0.33000";"2.54042"
"0.32800";"2.52792"
"0.32600";"2.51708"
"0.32400";"2.50417"
"0.32200";"2.49208"
"0.32000";"2.47792"
"0.31800";"2.46542"
"0.31600";"2.45250"
"0.31400";"2.43917"
"0.31200";"2.42542"
"0.31000";"2.41125"
"0.30800";"2.39625"
"0.30600";"2.38208"
"0.30400";"2.36625"
"0.30200";"2.35208"
"0.30000";"2.33583"
"0.29800";"2.32000"
"0.29600";"2.30417"
"0.29400";"2.28750"
"0.29200";"2.27125"
"0.29000";"2.25250"
"0.28800";"2.23375"
"0.28600";"2.21583"
"0.28400";"2.19750"
"0.28200";"2.17875"
"0.28000";"2.15708"
"0.27800";"2.13583"
"0.27600";"2.11500"
"0.27400";"2.09417"
"0.27200";"2.07167"
"0.27000";"2.04792"
"0.26800";"2.02250"
"0.26600";"1.99792"
"0.26400";"1.97292"
"0.26200";"1.94792"
"0.26000";"1.92000"
"0.25800";"1.89000"
"0.25600";"1.86167"
"0.25400";"1.83208"
"0.25200";"1.80125"
"0.25000";"1.76583"
"0.24800";"1.73292"
"0.24600";"1.69917"
"0.24400";"1.66417"
"0.24200";"1.62417"
"0.24000";"1.58375"
"0.23800";"1.54375"
"0.23600";"1.50375"
"0.23400";"1.46083"
"0.23200";"1.41292"
"0.23000";"1.36333"
"0.22800";"1.31542"
"0.22600";"1.26750"
"0.22400";"1.21583"
"0.22200";"1.15875"
"0.22000";"1.10000"
"0.21800";"1.04292"
"0.21600";"0.98208"
"0.21400";"0.91792"
"0.21200";"0.84833"
"0.21000";"0.77833"
"0.20800";"0.70958"
"0.20600";"0.63750"
"0.20400";"0.56125"
"0.20200";"0.47958"
"0.20000";"0.39542"
"0.19800";"0.31167"
"0.19600";"0.22500"
"0.19400";"0.13458"
"0.19200";"0.03958"
"0.19000";"-0.05917"
"0.18800";"-0.15750"
"0.18600";"-0.26083"
"0.18400";"-0.36875"
"0.18200";"-0.48125"
"0.18000";"-0.59875"
"0.17800";"-0.71333"
"0.17600";"-0.83208"
"0.17400";"-0.95042"
"0.17200";"-1.07625"
"0.17000";"-1.20542"
"0.16800";"-1.33208"
"0.16600";"-1.46250"
"0.16400";"-1.59542"
"0.16200";"-1.73583"
"0.16000";"-1.87708"
"0.15800";"-2.01625"
"0.15600";"-2.15875"
"0.15400";"-2.30500"
"0.15200";"-2.45542"
"0.15000";"-2.60667"
"0.14800";"-2.75042"
"0.14600";"-2.89542"
"0.14400";"-3.03750"
"0.14200";"-3.18583"
"0.14000";"-3.33208"
"0.13800";"-3.47333"
"0.13600";"-3.61375"
"0.13400";"-3.75250"
"0.13200";"-3.89542"
"0.13000";"-4.03500"
"0.12800";"-4.16625"
"0.12600";"-4.29458"
"0.12400";"-4.41917"
"0.12200";"-4.54708"
"0.12000";"-4.66792"
"0.11800";"-4.78500"
"0.11600";"-4.89833"
"0.11400";"-5.01167"
"0.11200";"-5.11875"
"0.11000";"-5.21458"
"0.10800";"-5.30375"
"0.10600";"-5.39208"
"0.10400";"-5.48292"
"0.10200";"-5.56917"
"0.10000";"-5.65000"
""
""
"400N1_1#004"
""
"Potential (V)";"Current (uA)"
"0.10000";"-5.46000"
"0.09800";"-5.54625"
"0.09600";"-5.62792"
"0.09400";"-5.70250"
"0.09200";"-5.76958"
"0.09000";"-5.82208"
"0.08800";"-5.86917"
"0.08600";"-5.91125"
"0.08400";"-5.95458"
"0.08200";"-5.99167"
"0.08000";"-6.01583"
"0.07800";"-6.03750"
"0.07600";"-6.05333"
"0.07400";"-6.07125"
"0.07200";"-6.08208"
"0.07000";"-6.08542"
"0.06800";"-6.08500"
"0.06600";"-6.08167"
"0.06400";"-6.07875"
"0.06200";"-6.07208"
"0.06000";"-6.05750"
"0.05800";"-6.04083"
"0.05600";"-6.02083"
"0.05400";"-6.00292"
"0.05200";"-5.98125"
"0.05000";"-5.95500"
"0.04800";"-5.92583"
"0.04600";"-5.89417"
"0.04400";"-5.86375"
"0.04200";"-5.83167"
"0.04000";"-5.79667"
"0.03800";"-5.76167"
"0.03600";"-5.72417"
"0.03400";"-5.68750"
"0.03200";"-5.64792"
"0.03000";"-5.60667"
"0.02800";"-5.56583"
"0.02600";"-5.52417"
"0.02400";"-5.48417"
"0.02200";"-5.44250"
"0.02000";"-5.39792"
"0.01800";"-5.35375"
"0.01600";"-5.30792"
"0.01400";"-5.26542"
"0.01200";"-5.22167"
"0.01000";"-5.17708"
"0.00800";"-5.13333"
"0.00600";"-5.09042"
"0.00400";"-5.05042"
"0.00200";"-5.00875"
"0.00000";"-4.96667"
"-0.00200";"-4.92333"
"-0.00400";"-4.88042"
"-0.00600";"-4.83833"
"-0.00800";"-4.79542"
"-0.01000";"-4.75333"
"-0.01200";"-4.71000"
"-0.01400";"-4.66917"
"-0.01600";"-4.62917"
"-0.01800";"-4.58792"
"-0.02000";"-4.54750"
"-0.02200";"-4.50708"
"-0.02400";"-4.46875"
"-0.02600";"-4.43083"
"-0.02800";"-4.39083"
"-0.03000";"-4.35208"
"-0.03200";"-4.31292"
"-0.03400";"-4.27625"
"-0.03600";"-4.24042"
"-0.03800";"-4.20375"
"-0.04000";"-4.16708"
"-0.04200";"-4.13083"
"-0.04400";"-4.09583"
"-0.04600";"-4.06250"
"-0.04800";"-4.02792"
"-0.05000";"-3.99500"
"-0.05200";"-3.96083"
"-0.05400";"-3.92833"
"-0.05600";"-3.89500"
"-0.05800";"-3.86333"
"-0.06000";"-3.83250"
"-0.06200";"-3.80250"
"-0.06400";"-3.77333"
"-0.06600";"-3.74417"
"-0.06800";"-3.71375"
"-0.07000";"-3.68375"
"-0.07200";"-3.65417"
"-0.07400";"-3.62750"
"-0.07600";"-3.59917"
"-0.07800";"-3.57083"
"-0.08000";"-3.54167"
"-0.08200";"-3.51417"
"-0.08400";"-3.48792"
"-0.08600";"-3.46208"
"-0.08800";"-3.43583"
"-0.09000";"-3.41000"
"-0.09200";"-3.38458"
"-0.09400";"-3.36000"
"-0.09600";"-3.33542"
"-0.09800";"-3.31083"
"-0.10000";"-3.28667"
"-0.10200";"-3.26292"
"-0.10400";"-3.23958"
"-0.10600";"-3.21750"
"-0.10800";"-3.19458"
"-0.11000";"-3.17208"
"-0.11200";"-3.14958"
"-0.11400";"-3.12833"
"-0.11600";"-3.10708"
"-0.11800";"-3.08500"
"-0.12000";"-3.06375"
"-0.12200";"-3.04333"
"-0.12400";"-3.02375"
"-0.12600";"-3.00250"
"-0.12800";"-2.98167"
"-0.13000";"-2.96125"
"-0.13200";"-2.94292"
"-0.13400";"-2.92417"
"-0.13600";"-2.90500"
"-0.13800";"-2.88542"
"-0.14000";"-2.86708"
"-0.14200";"-2.84875"
"-0.14400";"-2.83167"
"-0.14600";"-2.81250"
"-0.14800";"-2.79583"
"-0.15000";"-2.77750"
"-0.15200";"-2.76083"
"-0.15400";"-2.74292"
"-0.15600";"-2.72625"
"-0.15800";"-2.71125"
"-0.16000";"-2.69750"
"-0.16200";"-2.68208"
"-0.16400";"-2.66458"
"-0.16600";"-2.64625"
"-0.16800";"-2.63000"
"-0.17000";"-2.61625"
"-0.17200";"-2.60083"
"-0.17400";"-2.58583"
"-0.17600";"-2.56958"
"-0.17800";"-2.55833"
"-0.18000";"-2.55000"
"-0.18200";"-2.54375"
"-0.18400";"-2.53625"
"-0.18600";"-2.52500"
"-0.18800";"-2.51333"
"-0.19000";"-2.50500"
"-0.19200";"-2.51208"
"-0.19400";"-2.50333"
"-0.19600";"-2.48542"
"-0.19800";"-2.45375"
"-0.20000";"-2.43833"
"-0.20200";"-2.42667"
"-0.20400";"-2.41583"
"-0.20600";"-2.40208"
"-0.20800";"-2.39083"
"-0.21000";"-2.40125"
"-0.21200";"-2.43667"
"-0.21400";"-2.48250"
"-0.21600";"-2.48458"
"-0.21800";"-2.43208"
"-0.22000";"-2.37417"
"-0.22200";"-2.32708"
"-0.22400";"-2.31000"
"-0.22600";"-2.28542"
"-0.22800";"-2.27042"
"-0.23000";"-2.25208"
"-0.23200";"-2.23167"
"-0.23400";"-2.21167"
"-0.23600";"-2.19625"
"-0.23800";"-2.18542"
"-0.24000";"-2.17458"
"-0.24200";"-2.16542"
"-0.24400";"-2.15458"
"-0.24600";"-2.14500"
"-0.24800";"-2.13458"
"-0.25000";"-2.12500"
"-0.25200";"-2.11500"
"-0.25400";"-2.10500"
"-0.25600";"-2.09583"
"-0.25800";"-2.08625"
"-0.26000";"-2.07750"
"-0.26200";"-2.06833"
"-0.26400";"-2.06000"
"-0.26600";"-2.05125"
"-0.26800";"-2.04208"
"-0.27000";"-2.03333"
"-0.27200";"-2.02458"
"-0.27400";"-2.01625"
"-0.27600";"-2.00750"
"-0.27800";"-2.00958"
"-0.28000";"-2.00250"
"-0.28200";"-1.99625"
"-0.28400";"-2.40125"
"-0.28600";"-2.40583"
"-0.28800";"-2.39792"
"-0.29000";"-1.96792"
"-0.29200";"-1.94750"
"-0.29400";"-1.94292"
"-0.29600";"-1.97167"
"-0.29800";"-1.97208"
"-0.30000";"-1.96083"
"-0.30200";"-1.91667"
"-0.30400";"-1.90125"
"-0.30600";"-1.89417"
"-0.30800";"-1.88750"
"-0.31000";"-1.88167"
"-0.31200";"-1.87542"
"-0.31400";"-1.86833"
"-0.31600";"-1.86083"
"-0.31800";"-1.85458"
"-0.32000";"-1.84875"
"-0.32200";"-1.84333"
"-0.32400";"-1.83708"
"-0.32600";"-1.83208"
"-0.32800";"-1.82625"
"-0.33000";"-1.82125"
"-0.33200";"-1.81458"
"-0.33400";"-1.80875"
"-0.33600";"-1.80292"
"-0.33800";"-1.79833"
"-0.34000";"-1.79375"
"-0.34200";"-1.78875"
"-0.34400";"-1.78333"
"-0.34600";"-1.77833"
"-0.34800";"-1.77333"
"-0.35000";"-1.76875"
"-0.35200";"-1.76417"
"-0.35400";"-1.75958"
"-0.35600";"-1.75542"
"-0.35800";"-1.75167"
"-0.36000";"-1.74792"
"-0.36200";"-1.74375"
"-0.36400";"-1.75208"
"-0.36600";"-1.75625"
"-0.36800";"-1.75333"
"-0.37000";"-1.73792"
"-0.37200";"-1.72708"
"-0.37400";"-1.72375"
"-0.37600";"-1.72042"
"-0.37800";"-1.71708"
"-0.38000";"-1.71458"
"-0.38200";"-1.71167"
"-0.38400";"-1.70917"
"-0.38600";"-1.70625"
"-0.38800";"-1.70417"
"-0.39000";"-1.70250"
"-0.39200";"-1.70083"
"-0.39400";"-1.69917"
"-0.39600";"-1.69750"
"-0.39800";"-1.69625"
"-0.40000";"-1.69500"
"-0.40200";"-1.69375"
"-0.40400";"-1.69333"
"-0.40600";"-1.69375"
"-0.40800";"-1.69375"
"-0.41000";"-1.69375"
"-0.41200";"-1.69333"
"-0.41400";"-1.69458"
"-0.41600";"-1.69500"
"-0.41800";"-1.69625"
"-0.42000";"-1.69667"
"-0.42200";"-1.69750"
"-0.42400";"-1.69958"
"-0.42600";"-1.70125"
"-0.42800";"-1.70500"
"-0.43000";"-1.70708"
"-0.43200";"-1.71083"
"-0.43400";"-1.71417"
"-0.43600";"-1.71833"
"-0.43800";"-1.72375"
"-0.44000";"-1.72875"
"-0.44200";"-1.73417"
"-0.44400";"-1.73958"
"-0.44600";"-1.74542"
"-0.44800";"-1.75250"
"-0.45000";"-1.76000"
"-0.45200";"-1.76833"
"-0.45400";"-1.77750"
"-0.45600";"-1.78667"
"-0.45800";"-1.79750"
"-0.46000";"-1.80875"
"-0.46200";"-1.82083"
"-0.46400";"-1.83333"
"-0.46600";"-1.84667"
"-0.46800";"-1.86125"
"-0.47000";"-1.87625"
"-0.47200";"-1.89083"
"-0.47400";"-1.90750"
"-0.47600";"-1.92458"
"-0.47800";"-1.94417"
"-0.48000";"-1.96292"
"-0.48200";"-1.98333"
"-0.48400";"-2.00542"
"-0.48600";"-2.02958"
"-0.48800";"-2.05583"
"-0.49000";"-2.08208"
"-0.49200";"-2.10875"
"-0.49400";"-2.13458"
"-0.49600";"-2.16000"
"-0.49800";"-2.18750"
"-0.50000";"-2.21542"
"-0.50200";"-2.24375"
"-0.50400";"-2.27083"
"-0.50600";"-2.29917"
"-0.50800";"-2.32792"
"-0.51000";"-2.35667"
"-0.51200";"-2.38542"
"-0.51400";"-2.41583"
"-0.51600";"-2.44708"
"-0.51800";"-2.47792"
"-0.52000";"-2.50833"
"-0.52200";"-2.53792"
"-0.52400";"-2.56875"
"-0.52600";"-2.60000"
"-0.52800";"-2.63292"
"-0.53000";"-2.66542"
"-0.53200";"-2.69833"
"-0.53400";"-2.73208"
"-0.53600";"-2.76583"
"-0.53800";"-2.80083"
"-0.54000";"-2.83333"
"-0.54200";"-2.86750"
"-0.54400";"-2.90083"
"-0.54600";"-2.93750"
"-0.54800";"-2.97375"
"-0.55000";"-3.00875"
"-0.55200";"-3.04333"
"-0.55400";"-3.07958"
"-0.55600";"-3.11708"
"-0.55800";"-3.15458"
"-0.56000";"-3.19083"
"-0.56200";"-3.22875"
"-0.56400";"-3.26667"
"-0.56600";"-3.30667"
"-0.56800";"-3.34542"
"-0.57000";"-3.38500"
"-0.57200";"-3.42417"
"-0.57400";"-3.46458"
"-0.57600";"-3.50625"
"-0.57800";"-3.54875"
"-0.58000";"-3.59042"
"-0.58200";"-3.63292"
"-0.58400";"-3.67542"
"-0.58600";"-3.72000"
"-0.58800";"-3.76458"
"-0.59000";"-3.80708"
"-0.59200";"-3.85125"
"-0.59400";"-3.89708"
"-0.59600";"-3.94542"
"-0.59800";"-3.99500"
"-0.60000";"-4.04500"
"-0.59800";"-3.96292"
"-0.59600";"-3.89125"
"-0.59400";"-3.83208"
"-0.59200";"-3.77792"
"-0.59000";"-3.72667"
"-0.58800";"-3.67708"
"-0.58600";"-3.62750"
"-0.58400";"-3.57917"
"-0.58200";"-3.53375"
"-0.58000";"-3.48875"
"-0.57800";"-3.44583"
"-0.57600";"-3.40208"
"-0.57400";"-3.36083"
"-0.57200";"-3.32083"
"-0.57000";"-3.28167"
"-0.56800";"-3.24292"
"-0.56600";"-3.20375"
"-0.56400";"-3.16583"
"-0.56200";"-3.12958"
"-0.56000";"-3.09333"
"-0.55800";"-3.05667"
"-0.55600";"-3.01917"
"-0.55400";"-2.98292"
"-0.55200";"-2.94917"
"-0.55000";"-2.91542"
"-0.54800";"-2.88167"
"-0.54600";"-2.84667"
"-0.54400";"-2.81292"
"-0.54200";"-2.78125"
"-0.54000";"-2.75000"
"-0.53800";"-2.71792"
"-0.53600";"-2.68500"
"-0.53400";"-2.65208"
"-0.53200";"-2.62125"
"-0.53000";"-2.59000"
"-0.52800";"-2.55958"
"-0.52600";"-2.52917"
"-0.52400";"-2.49875"
"-0.52200";"-2.46917"
"-0.52000";"-2.43833"
"-0.51800";"-2.40875"
"-0.51600";"-2.37833"
"-0.51400";"-2.34875"
"-0.51200";"-2.31958"
"-0.51000";"-2.29083"
"-0.50800";"-2.26208"
"-0.50600";"-2.23208"
"-0.50400";"-2.20333"
"-0.50200";"-2.17458"
"-0.50000";"-2.14583"
"-0.49800";"-2.11583"
"-0.49600";"-2.08708"
"-0.49400";"-2.06000"
"-0.49200";"-2.03292"
"-0.49000";"-2.00542"
"-0.48800";"-1.97750"
"-0.48600";"-1.95042"
"-0.48400";"-1.92417"
"-0.48200";"-1.89833"
"-0.48000";"-1.87250"
"-0.47800";"-1.84667"
"-0.47600";"-1.82083"
"-0.47400";"-1.79667"
"-0.47200";"-1.77083"
"-0.47000";"-1.74583"
"-0.46800";"-1.71917"
"-0.46600";"-1.69500"
"-0.46400";"-1.67208"
"-0.46200";"-1.64917"
"-0.46000";"-1.62667"
"-0.45800";"-1.60250"
"-0.45600";"-1.58000"
"-0.45400";"-1.55750"
"-0.45200";"-1.53542"
"-0.45000";"-1.51292"
"-0.44800";"-1.49083"
"-0.44600";"-1.46958"
"-0.44400";"-1.45042"
"-0.44200";"-1.43042"
"-0.44000";"-1.41083"
"-0.43800";"-1.39042"
"-0.43600";"-1.37083"
"-0.43400";"-1.35250"
"-0.43200";"-1.33417"
"-0.43000";"-1.31667"
"-0.42800";"-1.29875"
"-0.42600";"-1.28167"
"-0.42400";"-1.26625"
"-0.42200";"-1.25083"
"-0.42000";"-1.23583"
"-0.41800";"-1.21917"
"-0.41600";"-1.20417"
"-0.41400";"-1.18958"
"-0.41200";"-1.17542"
"-0.41000";"-1.16125"
"-0.40800";"-1.14667"
"-0.40600";"-1.13333"
"-0.40400";"-1.12000"
"-0.40200";"-1.10750"
"-0.40000";"-1.09542"
"-0.39800";"-1.08292"
"-0.39600";"-1.07125"
"-0.39400";"-1.05958"
"-0.39200";"-1.04833"
"-0.39000";"-1.03708"
"-0.38800";"-1.02667"
"-0.38600";"-1.01708"
"-0.38400";"-1.00792"
"-0.38200";"-0.99833"
"-0.38000";"-0.98958"
"-0.37800";"-0.98000"
"-0.37600";"-0.97125"
"-0.37400";"-0.96167"
"-0.37200";"-0.95292"
"-0.37000";"-0.94417"
"-0.36800";"-0.93583"
"-0.36600";"-0.92792"
"-0.36400";"-0.92042"
"-0.36200";"-0.91250"
"-0.36000";"-0.90583"
"-0.35800";"-0.89875"
"-0.35600";"-0.89333"
"-0.35400";"-0.88625"
"-0.35200";"-0.88000"
"-0.35000";"-0.87292"
"-0.34800";"-0.86667"
"-0.34600";"-0.86042"
"-0.34400";"-0.85500"
"-0.34200";"-0.85000"
"-0.34000";"-0.84458"
"-0.33800";"-0.83917"
"-0.33600";"-0.83375"
"-0.33400";"-0.82833"
"-0.33200";"-0.82333"
"-0.33000";"-0.81833"
"-0.32800";"-0.81375"
"-0.32600";"-0.80917"
"-0.32400";"-0.80500"
"-0.32200";"-0.80083"
"-0.32000";"-0.79583"
"-0.31800";"-0.79125"
"-0.31600";"-0.78750"
"-0.31400";"-0.78417"
"-0.31200";"-0.77958"
"-0.31000";"-0.77458"
"-0.30800";"-0.77000"
"-0.30600";"-0.76667"
"-0.30400";"-0.76250"
"-0.30200";"-0.75875"
"-0.30000";"-0.75417"
"-0.29800";"-0.75083"
"-0.29600";"-0.74708"
"-0.29400";"-0.74333"
"-0.29200";"-0.74000"
"-0.29000";"-0.73708"
"-0.28800";"-0.73458"
"-0.28600";"-0.73208"
"-0.28400";"-0.72917"
"-0.28200";"-0.72667"
"-0.28000";"-0.72375"
"-0.27800";"-0.72083"
"-0.27600";"-0.71833"
"-0.27400";"-0.71542"
"-0.27200";"-0.71292"
"-0.27000";"-0.71000"
"-0.26800";"-0.70708"
"-0.26600";"-0.70500"
"-0.26400";"-0.70250"
"-0.26200";"-0.70000"
"-0.26000";"-0.69667"
"-0.25800";"-0.69292"
"-0.25600";"-0.69042"
"-0.25400";"-0.68750"
"-0.25200";"-0.68542"
"-0.25000";"-0.68250"
"-0.24800";"-0.67917"
"-0.24600";"-0.67542"
"-0.24400";"-0.67125"
"-0.24200";"-0.66792"
"-0.24000";"-0.66542"
"-0.23800";"-0.66375"
"-0.23600";"-0.66250"
"-0.23400";"-0.66042"
"-0.23200";"-0.65792"
"-0.23000";"-0.65542"
"-0.22800";"-0.65417"
"-0.22600";"-0.65208"
"-0.22400";"-0.65042"
"-0.22200";"-0.64833"
"-0.22000";"-0.64708"
"-0.21800";"-0.64542"
"-0.21600";"-0.64333"
"-0.21400";"-0.64125"
"-0.21200";"-0.63917"
"-0.21000";"-0.63708"
"-0.20800";"-0.63542"
"-0.20600";"-0.63292"
"-0.20400";"-0.63042"
"-0.20200";"-0.62792"
"-0.20000";"-0.62583"
"-0.19800";"-0.62417"
"-0.19600";"-0.62250"
"-0.19400";"-0.62083"
"-0.19200";"-0.61875"
"-0.19000";"-0.61625"
"-0.18800";"-0.61417"
"-0.18600";"-0.61167"
"-0.18400";"-0.60917"
"-0.18200";"-0.60625"
"-0.18000";"-0.60417"
"-0.17800";"-0.60250"
"-0.17600";"-0.60083"
"-0.17400";"-0.59875"
"-0.17200";"-0.59625"
"-0.17000";"-0.59458"
"-0.16800";"-0.59292"
"-0.16600";"-0.59167"
"-0.16400";"-0.58958"
"-0.16200";"-0.58792"
"-0.16000";"-0.58500"
"-0.15800";"-0.58292"
"-0.15600";"-0.58042"
"-0.15400";"-0.57875"
"-0.15200";"-0.57667"
"-0.15000";"-0.57500"
"-0.14800";"-0.57417"
"-0.14600";"-0.57208"
"-0.14400";"-0.57000"
"-0.14200";"-0.56667"
"-0.14000";"-0.56458"
"-0.13800";"-0.56292"
"-0.13600";"-0.56167"
"-0.13400";"-0.56000"
"-0.13200";"-0.55792"
"-0.13000";"-0.55542"
"-0.12800";"-0.55417"
"-0.12600";"-0.55167"
"-0.12400";"-0.55000"
"-0.12200";"-0.54708"
"-0.12000";"-0.54500"
"-0.11800";"-0.54250"
"-0.11600";"-0.54042"
"-0.11400";"-0.53792"
"-0.11200";"-0.53583"
"-0.11000";"-0.53375"
"-0.10800";"-0.53250"
"-0.10600";"-0.53000"
"-0.10400";"-0.52750"
"-0.10200";"-0.52458"
"-0.10000";"-0.52333"
"-0.09800";"-0.52125"
"-0.09600";"-0.51875"
"-0.09400";"-0.51583"
"-0.09200";"-0.51375"
"-0.09000";"-0.51208"
"-0.08800";"-0.50958"
"-0.08600";"-0.50708"
"-0.08400";"-0.50458"
"-0.08200";"-0.50292"
"-0.08000";"-0.50125"
"-0.07800";"-0.49875"
"-0.07600";"-0.49625"
"-0.07400";"-0.49333"
"-0.07200";"-0.49083"
"-0.07000";"-0.48833"
"-0.06800";"-0.48625"
"-0.06600";"-0.48417"
"-0.06400";"-0.48208"
"-0.06200";"-0.47875"
"-0.06000";"-0.47667"
"-0.05800";"-0.47333"
"-0.05600";"-0.47083"
"-0.05400";"-0.46750"
"-0.05200";"-0.46542"
"-0.05000";"-0.46333"
"-0.04800";"-0.46083"
"-0.04600";"-0.45750"
"-0.04400";"-0.45375"
"-0.04200";"-0.45042"
"-0.04000";"-0.44792"
"-0.03800";"-0.44500"
"-0.03600";"-0.44167"
"-0.03400";"-0.43750"
"-0.03200";"-0.43375"
"-0.03000";"-0.43042"
"-0.02800";"-0.42708"
"-0.02600";"-0.42375"
"-0.02400";"-0.41958"
"-0.02200";"-0.41542"
"-0.02000";"-0.41167"
"-0.01800";"-0.40750"
"-0.01600";"-0.40375"
"-0.01400";"-0.39875"
"-0.01200";"-0.39417"
"-0.01000";"-0.38875"
"-0.00800";"-0.38292"
"-0.00600";"-0.37667"
"-0.00400";"-0.37083"
"-0.00200";"-0.36500"
"0.00000";"-0.35875"
"0.00200";"-0.35083"
"0.00400";"-0.34250"
"0.00600";"-0.33375"
"0.00800";"-0.32708"
"0.01000";"-0.31958"
"0.01200";"-0.31333"
"0.01400";"-0.30375"
"0.01600";"-0.29500"
"0.01800";"-0.28542"
"0.02000";"-0.27542"
"0.02200";"-0.26458"
"0.02400";"-0.25292"
"0.02600";"-0.24042"
"0.02800";"-0.22875"
"0.03000";"-0.21458"
"0.03200";"-0.20042"
"0.03400";"-0.18375"
"0.03600";"-0.16750"
"0.03800";"-0.15083"
"0.04000";"-0.13292"
"0.04200";"-0.11250"
"0.04400";"-0.08292"
"0.04600";"-0.04083"
"0.04800";"0.01375"
"0.05000";"0.08167"
"0.05200";"0.15917"
"0.05400";"0.24000"
"0.05600";"0.31167"
"0.05800";"0.35667"
"0.06000";"0.36708"
"0.06200";"0.32000"
"0.06400";"0.26833"
"0.06600";"0.24083"
"0.06800";"0.26500"
"0.07000";"0.30625"
"0.07200";"0.35042"
"0.07400";"0.39792"
"0.07600";"0.44833"
"0.07800";"0.49875"
"0.08000";"0.55208"
"0.08200";"0.60917"
"0.08400";"0.67167"
"0.08600";"0.73833"
"0.08800";"0.80417"
"0.09000";"0.87500"
"0.09200";"0.94875"
"0.09400";"1.03000"
"0.09600";"1.11208"
"0.09800";"1.19333"
"0.10000";"1.27875"
"0.10200";"1.36958"
"0.10400";"1.46917"
"0.10600";"1.57208"
"0.10800";"1.67458"
"0.11000";"1.78042"
"0.11200";"1.89125"
"0.11400";"2.01208"
"0.11600";"2.13583"
"0.11800";"2.25792"
"0.12000";"2.38417"
"0.12200";"2.51417"
"0.12400";"2.65333"
"0.12600";"2.78833"
"0.12800";"2.92833"
"0.13000";"3.06875"
"0.13200";"3.21667"
"0.13400";"3.36583"
"0.13600";"3.51458"
"0.13800";"3.66667"
"0.14000";"3.82292"
"0.14200";"3.98625"
"0.14400";"4.15208"
"0.14600";"4.31333"
"0.14800";"4.47875"
"0.15000";"4.64500"
"0.15200";"4.81917"
"0.15400";"4.99000"
"0.15600";"5.15625"
"0.15800";"5.32292"
"0.16000";"5.48708"
"0.16200";"5.65542"
"0.16400";"5.82042"
"0.16600";"5.98000"
"0.16800";"6.14000"
"0.17000";"6.29708"
"0.17200";"6.45625"
"0.17400";"6.60875"
"0.17600";"6.75125"
"0.17800";"6.89583"
"0.18000";"7.03583"
"0.18200";"7.18000"
"0.18400";"7.31583"
"0.18600";"7.44333"
"0.18800";"7.56667"
"0.19000";"7.69083"
"0.19200";"7.81000"
"0.19400";"7.91917"
"0.19600";"8.00833"
"0.19800";"8.09708"
"0.20000";"8.18167"
"0.20200";"8.27333"
"0.20400";"8.35750"
"0.20600";"8.43167"
"0.20800";"8.49792"
"0.21000";"8.56208"
"0.21200";"8.62625"
"0.21400";"8.68500"
"0.21600";"8.73083"
"0.21800";"8.77167"
"0.22000";"8.80542"
"0.22200";"8.84125"
"0.22400";"8.87000"
"0.22600";"8.88708"
"0.22800";"8.89667"
"0.23000";"8.90542"
"0.23200";"8.91625"
"0.23400";"8.92250"
"0.23600";"8.91583"
"0.23800";"8.90667"
"0.24000";"8.89417"
"0.24200";"8.88417"
"0.24400";"8.87000"
"0.24600";"8.84625"
"0.24800";"8.82042"
"0.25000";"8.79167"
"0.25200";"8.76708"
"0.25400";"8.73375"
"0.25600";"8.69625"
"0.25800";"8.65792"
"0.26000";"8.62167"
"0.26200";"8.58458"
"0.26400";"8.54083"
"0.26600";"8.49750"
"0.26800";"8.45208"
"0.27000";"8.40833"
"0.27200";"8.36208"
"0.27400";"8.31167"
"0.27600";"8.26125"
"0.27800";"8.21125"
"0.28000";"8.16333"
"0.28200";"8.11458"
"0.28400";"8.06083"
"0.28600";"8.00875"
"0.28800";"7.95708"
"0.29000";"7.90792"
"0.29200";"7.85750"
"0.29400";"7.80417"
"0.29600";"7.75208"
"0.29800";"7.70042"
"0.30000";"7.64958"
"0.30200";"7.59917"
"0.30400";"7.54625"
"0.30600";"7.49458"
"0.30800";"7.44375"
"0.31000";"7.39542"
"0.31200";"7.34750"
"0.31400";"7.29667"
"0.31600";"7.24667"
"0.31800";"7.19750"
"0.32000";"7.15083"
"0.32200";"7.10375"
"0.32400";"7.05500"
"0.32600";"7.00833"
"0.32800";"6.96167"
"0.33000";"6.91667"
"0.33200";"6.87083"
"0.33400";"6.82458"
"0.33600";"6.78000"
"0.33800";"6.73583"
"0.34000";"6.69417"
"0.34200";"6.65250"
"0.34400";"6.61000"
"0.34600";"6.56875"
"0.34800";"6.52667"
"0.35000";"6.48708"
"0.35200";"6.44833"
"0.35400";"6.40958"
"0.35600";"6.37167"
"0.35800";"6.33208"
"0.36000";"6.29583"
"0.36200";"6.25917"
"0.36400";"6.22250"
"0.36600";"6.18542"
"0.36800";"6.14958"
"0.37000";"6.11500"
"0.37200";"6.08083"
"0.37400";"6.04542"
"0.37600";"6.01083"
"0.37800";"5.97625"
"0.38000";"5.94417"
"0.38200";"5.91167"
"0.38400";"5.88042"
"0.38600";"5.84833"
"0.38800";"5.81792"
"0.39000";"5.78750"
"0.39200";"5.75667"
"0.39400";"5.72708"
"0.39600";"5.69792"
"0.39800";"5.67000"
"0.40000";"5.64167"
"0.40200";"5.61250"
"0.40400";"5.58458"
"0.40600";"5.55667"
"0.40800";"5.53083"
"0.41000";"5.50458"
"0.41200";"5.47708"
"0.41400";"5.45042"
"0.41600";"5.42417"
"0.41800";"5.40042"
"0.42000";"5.37500"
"0.42200";"5.34958"
"0.42400";"5.32500"
"0.42600";"5.30125"
"0.42800";"5.27875"
"0.43000";"5.25542"
"0.43200";"5.23250"
"0.43400";"5.20917"
"0.43600";"5.18667"
"0.43800";"5.16417"
"0.44000";"5.14250"
"0.44200";"5.12083"
"0.44400";"5.10167"
"0.44600";"5.08208"
"0.44800";"5.06208"
"0.45000";"5.04125"
"0.45200";"5.02000"
"0.45400";"5.00000"
"0.45600";"4.97958"
"0.45800";"4.96083"
"0.46000";"4.94208"
"0.46200";"4.92292"
"0.46400";"4.90375"
"0.46600";"4.88458"
"0.46800";"4.86667"
"0.47000";"4.84833"
"0.47200";"4.83042"
"0.47400";"4.81250"
"0.47600";"4.79500"
"0.47800";"4.77792"
"0.48000";"4.76083"
"0.48200";"4.74333"
"0.48400";"4.72667"
"0.48600";"4.71083"
"0.48800";"4.69500"
"0.49000";"4.67792"
"0.49200";"4.66083"
"0.49400";"4.64500"
"0.49600";"4.63000"
"0.49800";"4.61458"
"0.50000";"4.59917"
"0.50200";"4.58333"
"0.50400";"4.56833"
"0.50600";"4.55458"
"0.50800";"4.54125"
"0.51000";"4.52708"
"0.51200";"4.51208"
"0.51400";"4.49750"
"0.51600";"4.48417"
"0.51800";"4.47042"
"0.52000";"4.45667"
"0.52200";"4.44292"
"0.52400";"4.43000"
"0.52600";"4.41750"
"0.52800";"4.40458"
"0.53000";"4.39125"
"0.53200";"4.37792"
"0.53400";"4.36458"
"0.53600";"4.35208"
"0.53800";"4.34000"
"0.54000";"4.32750"
"0.54200";"4.31583"
"0.54400";"4.30333"
"0.54600";"4.29250"
"0.54800";"4.28083"
"0.55000";"4.26875"
"0.55200";"4.25667"
"0.55400";"4.24458"
"0.55600";"4.23417"
"0.55800";"4.22375"
"0.56000";"4.21250"
"0.56200";"4.20125"
"0.56400";"4.19042"
"0.56600";"4.18042"
"0.56800";"4.17000"
"0.57000";"4.15833"
"0.57200";"4.14750"
"0.57400";"4.13750"
"0.57600";"4.12792"
"0.57800";"4.11750"
"0.58000";"4.10667"
"0.58200";"4.09708"
"0.58400";"4.08708"
"0.58600";"4.07792"
"0.58800";"4.06750"
"0.59000";"4.05833"
"0.59200";"4.04875"
"0.59400";"4.04000"
"0.59600";"4.03167"
"0.59800";"4.02250"
"0.60000";"4.01250"
"0.59800";"3.97125"
"0.59600";"3.94042"
"0.59400";"3.92083"
"0.59200";"3.90292"
"0.59000";"3.88667"
"0.58800";"3.87167"
"0.58600";"3.85750"
"0.58400";"3.84375"
"0.58200";"3.83083"
"0.58000";"3.81792"
"0.57800";"3.80542"
"0.57600";"3.79250"
"0.57400";"3.77958"
"0.57200";"3.76750"
"0.57000";"3.75500"
"0.56800";"3.74375"
"0.56600";"3.73208"
"0.56400";"3.72083"
"0.56200";"3.71000"
"0.56000";"3.69875"
"0.55800";"3.68875"
"0.55600";"3.67750"
"0.55400";"3.66708"
"0.55200";"3.65708"
"0.55000";"3.64708"
"0.54800";"3.63708"
"0.54600";"3.62625"
"0.54400";"3.61625"
"0.54200";"3.60667"
"0.54000";"3.59750"
"0.53800";"3.58750"
"0.53600";"3.57750"
"0.53400";"3.56708"
"0.53200";"3.55792"
"0.53000";"3.54958"
"0.52800";"3.54000"
"0.52600";"3.53083"
"0.52400";"3.52042"
"0.52200";"3.51208"
"0.52000";"3.50333"
"0.51800";"3.49458"
"0.51600";"3.48583"
"0.51400";"3.47667"
"0.51200";"3.46792"
"0.51000";"3.45875"
"0.50800";"3.44958"
"0.50600";"3.44042"
"0.50400";"3.43167"
"0.50200";"3.42292"
"0.50000";"3.41500"
"0.49800";"3.40625"
"0.49600";"3.39792"
"0.49400";"3.39000"
"0.49200";"3.38167"
"0.49000";"3.37417"
"0.48800";"3.36458"
"0.48600";"3.35625"
"0.48400";"3.34833"
"0.48200";"3.34000"
"0.48000";"3.33208"
"0.47800";"3.32292"
"0.47600";"3.31542"
"0.47400";"3.30750"
"0.47200";"3.29917"
"0.47000";"3.29125"
"0.46800";"3.28292"
"0.46600";"3.27500"
"0.46400";"3.26667"
"0.46200";"3.25875"
"0.46000";"3.25083"
"0.45800";"3.24250"
"0.45600";"3.23417"
"0.45400";"3.22625"
"0.45200";"3.21833"
"0.45000";"3.21000"
"0.44800";"3.20167"
"0.44600";"3.19333"
"0.44400";"3.18583"
"0.44200";"3.17750"
"0.44000";"3.16917"
"0.43800";"3.16000"
"0.43600";"3.15208"
"0.43400";"3.14458"
"0.43200";"3.13667"
"0.43000";"3.12833"
"0.42800";"3.11958"
"0.42600";"3.11167"
"0.42400";"3.10417"
"0.42200";"3.09583"
"0.42000";"3.08792"
"0.41800";"3.07875"
"0.41600";"3.07083"
"0.41400";"3.06250"
"0.41200";"3.05417"
"0.41000";"3.04542"
"0.40800";"3.03625"
"0.40600";"3.02792"
"0.40400";"3.02000"
"0.40200";"3.01167"
"0.40000";"3.00250"
"0.39800";"2.99375"
"0.39600";"2.98542"
"0.39400";"2.97750"
"0.39200";"2.96917"
"0.39000";"2.95958"
"0.38800";"2.95000"
"0.38600";"2.94000"
"0.38400";"2.93250"
"0.38200";"2.92292"
"0.38000";"2.91417"
"0.37800";"2.90333"
"0.37600";"2.89500"
"0.37400";"2.88542"
"0.37200";"2.87542"
"0.37000";"2.86500"
"0.36800";"2.85458"
"0.36600";"2.84583"
"0.36400";"2.83583"
"0.36200";"2.82583"
"0.36000";"2.81542"
"0.35800";"2.80500"
"0.35600";"2.79583"
"0.35400";"2.78500"
"0.35200";"2.77458"
"0.35000";"2.76292"
"0.34800";"2.75167"
"0.34600";"2.74125"
"0.34400";"2.73042"
"0.34200";"2.71958"
"0.34000";"2.70750"
"0.33800";"2.69542"
"0.33600";"2.68458"
"0.33400";"2.67333"
"0.33200";"2.66083"
"0.33000";"2.64750"
"0.32800";"2.63458"
"0.32600";"2.62333"
"0.32400";"2.61083"
"0.32200";"2.59875"
"0.32000";"2.58458"
"0.31800";"2.57083"
"0.31600";"2.55708"
"0.31400";"2.54333"
"0.31200";"2.52958"
"0.31000";"2.51375"
"0.30800";"2.49792"
"0.30600";"2.48250"
"0.30400";"2.46708"
"0.30200";"2.45167"
"0.30000";"2.43500"
"0.29800";"2.41750"
"0.29600";"2.40167"
"0.29400";"2.38375"
"0.29200";"2.36708"
"0.29000";"2.34667"
"0.28800";"2.32708"
"0.28600";"2.30792"
"0.28400";"2.28875"
"0.28200";"2.26833"
"0.28000";"2.24542"
"0.27800";"2.22250"
"0.27600";"2.20125"
"0.27400";"2.17917"
"0.27200";"2.15583"
"0.27000";"2.13000"
"0.26800";"2.10417"
"0.26600";"2.07875"
"0.26400";"2.05250"
"0.26200";"2.02458"
"0.26000";"1.99542"
"0.25800";"1.96458"
"0.25600";"1.93417"
"0.25400";"1.90208"
"0.25200";"1.86875"
"0.25000";"1.83292"
"0.24800";"1.79792"
"0.24600";"1.76125"
"0.24400";"1.72250"
"0.24200";"1.68083"
"0.24000";"1.63917"
"0.23800";"1.59750"
"0.23600";"1.55417"
"0.23400";"1.50750"
"0.23200";"1.45792"
"0.23000";"1.40542"
"0.22800";"1.35500"
"0.22600";"1.30292"
"0.22400";"1.24750"
"0.22200";"1.18792"
"0.22000";"1.12625"
"0.21800";"1.06500"
"0.21600";"1.00042"
"0.21400";"0.93083"
"0.21200";"0.85875"
"0.21000";"0.78458"
"0.20800";"0.71167"
"0.20600";"0.63500"
"0.20400";"0.55375"
"0.20200";"0.46792"
"0.20000";"0.37833"
"0.19800";"0.28917"
"0.19600";"0.19708"
"0.19400";"0.10250"
"0.19200";"0.00208"
"0.19000";"-0.10250"
"0.18800";"-0.20833"
"0.18600";"-0.31875"
"0.18400";"-0.43292"
"0.18200";"-0.55167"
"0.18000";"-0.67417"
"0.17800";"-0.79542"
"0.17600";"-0.92083"
"0.17400";"-1.04792"
"0.17200";"-1.18042"
"0.17000";"-1.31708"
"0.16800";"-1.45167"
"0.16600";"-1.59083"
"0.16400";"-1.73125"
"0.16200";"-1.87750"
"0.16000";"-2.02625"
"0.15800";"-2.17458"
"0.15600";"-2.32708"
"0.15400";"-2.48083"
"0.15200";"-2.63875"
"0.15000";"-2.79792"
"0.14800";"-2.95000"
"0.14600";"-3.10333"
"0.14400";"-3.25333"
"0.14200";"-3.41000"
"0.14000";"-3.56417"
"0.13800";"-3.71167"
"0.13600";"-3.85875"
"0.13400";"-4.00500"
"0.13200";"-4.15583"
"0.13000";"-4.30292"
"0.12800";"-4.43958"
"0.12600";"-4.57458"
"0.12400";"-4.70667"
"0.12200";"-4.84417"
"0.12000";"-4.97083"
"0.11800";"-5.09208"
"0.11600";"-5.20833"
"0.11400";"-5.32750"
"0.11200";"-5.44250"
"0.11000";"-5.54458"
"0.10800";"-5.64000"
"0.10600";"-5.73083"
"0.10400";"-5.82500"
"0.10200";"-5.91333"
"0.10000";"-5.99750"